g1_to_g2,empty_to_g2,g2_to_g2
3,123,0
3,123,0
3,123,0
3,123,0
3,123,0
3,123,0
3,123,0
3,123,0
3,123,0
3,123,0
3,123,0
3,123,0
3,123,0
3,123,0
3,123,0
3,123,0
3,123,0
3,123,0
3,123,0
3,123,0
3,123,0
3,123,0
3,123,0
3,123,0
3,123,0
3,123,0
3,123,0
3,123,0
3,123,0
3,123,0
3,123,0
3,123,0
3,123,0
3,123,0
3,123,0
3,123,0
3,123,0
3,123,0
3,123,0
3,123,0
3,123,0
3,123,0
3,123,0
3,123,0
3,123,0
3,123,0
3,123,0
3,123,0
3,123,0
3,123,0
3,123,0
3,123,0
3,123,0
3,123,0
3,123,0
3,123,0
3,123,0
3,123,0
3,123,0
3,123,0
3,123,0
3,123,0
3,123,0
3,123,0
3,123,0
3,123,0
3,123,0
3,123,0
3,123,0
3,123,0
3,123,0
3,123,0
3,123,0
3,123,0
3,123,0
3,123,0
3,123,0
3,123,0
3,123,0
3,123,0
3,123,0
3,123,0
3,123,0
3,123,0
3,123,0
3,123,0
3,123,0
3,123,0
3,123,0
3,123,0
3,123,0
3,123,0
3,123,0
3,123,0
3,123,0
3,123,0
3,123,0
3,123,0
3,123,0
3,123,0
3,123,0
3,123,0
3,123,0
3,123,0
3,123,0
3,123,0
3,123,0
3,123,0
3,123,0
3,123,0
3,123,0
3,123,0
3,123,0
3,123,0
3,123,0
3,123,0
3,123,0
3,123,0
3,123,0
3,123,0
3,123,0
3,123,0
3,123,0
3,123,0
3,123,0
3,123,0
3,123,0
3,123,0
3,123,0
3,123,0
3,123,0
3,123,0
3,123,0
3,123,0
3,123,0
3,123,0
3,123,0
3,123,0
3,123,0
3,123,0
3,123,0
3,123,0
3,123,0
3,123,0
3,123,0
3,123,0
3,123,0
3,123,0
3,123,0
3,123,0
3,123,0
3,123,0
3,123,0
3,123,0
3,123,0
3,123,0
3,123,0
3,123,0
3,123,0
3,123,0
3,123,0
3,123,0
3,123,0
3,123,0
3,123,0
3,123,0
3,123,0
3,123,0
3,123,0
3,123,0
3,123,0
3,123,0
3,123,0
3,123,0
3,123,0
3,123,0
3,123,0
3,123,0
3,123,0
3,123,0
3,123,0
3,123,0
3,123,0
3,123,0
3,123,0
3,123,0
3,123,0
3,123,0
3,123,0
3,123,0
3,123,0
3,123,0
3,123,0
3,123,0
3,123,0
3,123,0
3,123,0
3,123,0
3,123,0
3,123,0
3,123,0
3,123,0
3,123,0
3,123,0
3,123,0
3,123,0
3,123,0
3,123,0
3,123,0
3,123,0
3,123,0
3,123,0
3,123,0
3,123,0
3,123,0
3,123,0
3,123,0
3,123,0
3,123,0
3,123,0
3,123,0
3,123,0
3,123,0
3,123,0
3,123,0
3,123,0
3,123,0
3,123,0
3,123,0
3,123,0
3,123,0
3,123,0
3,123,0
3,123,0
3,123,0
3,123,0
3,123,0
3,123,0
3,123,0
3,123,0
3,123,0
3,123,0
3,123,0
3,123,0
3,123,0
3,123,0
3,123,0
3,123,0
3,123,0
3,123,0
3,123,0
3,123,0
3,123,0
3,123,0
3,123,0
3,123,0
3,123,0
3,123,0
3,123,0
3,123,0
3,123,0
3,123,0
3,123,0
3,123,0
3,123,0
3,123,0
3,123,0
3,123,0
3,123,0
3,123,0
3,123,0
3,123,0
3,123,0
3,123,0
3,123,0
3,123,0
3,123,0
3,123,0
3,123,0
3,123,0
3,123,0
3,123,0
3,123,0
3,123,0
3,123,0
3,123,0
3,123,0
3,123,0
3,123,0
3,123,0
3,123,0
3,123,0
3,123,0
3,123,0
3,123,0
3,123,0
3,123,0
3,123,0
3,123,0
3,123,0
3,123,0
3,123,0
3,123,0
3,123,0
3,123,0
3,123,0
3,123,0
3,123,0
3,123,0
3,123,0
3,123,0
3,123,0
3,123,0
3,123,0
3,123,0
3,123,0
3,123,0
3,123,0
3,123,0
3,123,0
3,123,0
3,123,0
3,123,0
3,123,0
3,123,0
3,123,0
3,123,0
3,123,0
3,123,0
3,123,0
3,123,0
3,123,0
3,123,0
3,123,0
3,123,0
3,123,0
3,123,0
3,123,0
3,123,0
3,123,0
3,123,0
3,123,0
3,123,0
3,123,0
3,123,0
3,123,0
3,123,0
3,123,0
3,123,0
3,123,0
3,123,0
3,123,0
3,123,0
3,123,0
3,123,0
3,123,0
3,123,0
3,123,0
3,123,0
3,123,0
3,123,0
3,123,0
3,123,0
3,123,0
3,123,0
3,123,0
3,123,0
3,123,0
3,123,0
3,123,0
3,123,0
3,123,0
3,123,0
3,123,0
3,123,0
3,123,0
3,123,0
3,123,0
3,123,0
3,123,0
3,123,0
3,123,0
3,123,0
3,123,0
3,123,0
3,123,0
3,123,0
3,123,0
3,123,0
3,123,0
3,123,0
3,123,0
3,123,0
3,123,0
3,123,0
3,123,0
3,123,0
3,123,0
3,123,0
3,123,0
3,123,0
3,123,0
3,123,0
3,123,0
3,123,0
3,123,0
3,123,0
3,123,0
3,123,0
3,123,0
3,123,0
3,123,0
3,123,0
3,123,0
3,123,0
3,123,0
3,123,0
3,123,0
3,123,0
3,123,0
3,123,0
3,123,0
3,123,0
3,123,0
3,123,0
3,123,0
3,123,0
3,123,0
3,123,0
3,123,0
3,123,0
3,123,0
3,123,0
3,123,0
3,123,0
3,123,0
3,123,0
3,123,0
3,123,0
3,123,0
3,123,0
3,123,0
3,123,0
3,123,0
3,123,0
3,123,0
3,123,0
3,123,0
3,123,0
3,123,0
3,123,0
3,123,0
3,123,0
3,123,0
3,123,0
3,123,0
3,123,0
3,123,0
3,123,0
3,123,0
3,123,0
3,123,0
3,123,0
3,123,0
3,123,0
3,123,0
3,123,0
3,123,0
3,123,0
3,123,0
3,123,0
3,123,0
3,123,0
3,123,0
3,123,0
3,123,0
3,123,0
3,123,0
3,123,0
3,123,0
3,123,0
3,123,0
3,123,0
3,123,0
3,123,0
3,123,0
3,123,0
3,123,0
3,123,0
3,123,0
3,123,0
3,123,0
3,123,0
3,123,0
3,123,0
3,123,0
3,123,0
3,123,0
3,123,0
3,123,0
3,123,0
3,123,0
3,123,0
3,123,0
3,123,0
3,123,0
3,123,0
3,123,0
3,123,0
3,123,0
3,123,0
3,123,0
3,123,0
3,123,0
3,123,0
3,123,0
3,123,0
3,123,0
3,123,0
3,123,0
3,123,0
3,123,0
3,123,0
3,123,0
3,123,0
3,123,0
3,123,0
3,123,0
3,123,0
3,123,0
3,123,0
3,123,0
3,123,0
3,123,0
3,123,0
3,123,0
3,123,0
3,123,0
3,123,0
3,123,0
3,123,0
3,123,0
3,123,0
3,123,0
3,123,0
3,123,0
3,123,0
3,123,0
3,123,0
3,123,0
3,123,0
3,123,0
3,123,0
3,123,0
3,123,0
3,123,0
3,123,0
3,123,0
3,123,0
3,123,0
3,123,0
3,123,0
3,123,0
3,123,0
3,123,0
3,123,0
3,123,0
3,123,0
3,123,0
3,123,0
3,123,0
3,123,0
3,123,0
3,123,0
3,123,0
3,123,0
3,123,0
3,123,0
3,123,0
3,123,0
3,123,0
3,123,0
3,123,0
3,123,0
3,123,0
3,123,0
3,123,0
3,123,0
3,123,0
3,123,0
3,123,0
3,123,0
3,123,0
3,123,0
3,123,0
3,123,0
3,123,0
3,123,0
3,123,0
3,123,0
3,123,0
3,123,0
3,123,0
3,123,0
3,123,0
3,123,0
3,123,0
3,123,0
3,123,0
3,123,0
3,123,0
3,123,0
3,123,0
3,123,0
3,123,0
3,123,0
3,123,0
3,123,0
3,123,0
3,123,0
3,123,0
3,123,0
3,123,0
3,123,0
3,123,0
3,123,0
3,123,0
3,123,0
3,123,0
3,123,0
3,123,0
3,123,0
3,123,0
3,123,0
3,123,0
3,123,0
3,123,0
3,123,0
3,123,0
3,123,0
3,123,0
3,123,0
3,123,0
3,123,0
3,123,0
3,123,0
3,123,0
3,123,0
3,123,0
3,123,0
3,123,0
3,123,0
3,123,0
3,123,0
3,123,0
3,123,0
3,123,0
3,123,0
3,123,0
3,123,0
3,123,0
3,123,0
3,123,0
3,123,0
3,123,0
3,123,0
3,123,0
3,123,0
3,123,0
3,123,0
3,123,0
3,123,0
3,123,0
3,123,0
3,123,0
3,123,0
3,123,0
3,123,0
3,123,0
3,123,0
3,123,0
3,123,0
3,123,0
3,123,0
3,123,0
3,123,0
3,123,0
3,123,0
3,123,0
3,123,0
3,123,0
3,123,0
3,123,0
3,123,0
3,123,0
3,123,0
3,123,0
3,123,0
3,123,0
3,123,0
3,123,0
3,123,0
3,123,0
3,123,0
3,123,0
3,123,0
3,123,0
3,123,0
3,123,0
3,123,0
3,123,0
3,123,0
3,123,0
3,123,0
3,123,0
3,123,0
3,123,0
3,123,0
3,123,0
3,123,0
3,123,0
3,123,0
3,123,0
3,123,0
3,123,0
3,123,0
3,123,0
3,123,0
3,123,0
3,123,0
3,123,0
3,123,0
3,123,0
3,123,0
3,123,0
3,123,0
3,123,0
3,123,0
3,123,0
3,123,0
3,123,0
3,123,0
3,123,0
3,123,0
3,123,0
3,123,0
3,123,0
3,123,0
3,123,0
3,123,0
3,123,0
3,123,0
3,123,0
3,123,0
3,123,0
3,123,0
3,123,0
3,123,0
3,123,0
3,123,0
3,123,0
3,123,0
3,123,0
3,123,0
3,123,0
3,123,0
3,123,0
3,123,0
3,123,0
3,123,0
3,123,0
3,123,0
3,123,0
3,123,0
3,123,0
3,123,0
3,123,0
3,123,0
3,123,0
3,123,0
3,123,0
3,123,0
3,123,0
3,123,0
3,123,0
3,123,0
3,123,0
3,123,0
3,123,0
3,123,0
3,123,0
3,123,0
3,123,0
3,123,0
3,123,0
3,123,0
3,123,0
3,123,0
3,123,0
3,123,0
3,123,0
3,123,0
3,123,0
3,123,0
3,123,0
3,123,0
3,123,0
3,123,0
3,123,0
3,123,0
3,123,0
3,123,0
3,123,0
3,123,0
3,123,0
3,123,0
3,123,0
3,123,0
3,123,0
3,123,0
3,123,0
3,123,0
3,123,0
3,123,0
3,123,0
3,123,0
3,123,0
3,123,0
3,123,0
3,123,0
3,123,0
3,123,0
3,123,0
3,123,0
3,123,0
3,123,0
3,123,0
3,123,0
3,123,0
3,123,0
3,123,0
3,123,0
3,123,0
3,123,0
3,123,0
3,123,0
3,123,0
3,123,0
3,123,0
3,123,0
3,123,0
3,123,0
3,123,0
3,123,0
3,123,0
3,123,0
3,123,0
3,123,0
3,123,0
3,123,0
3,123,0
3,123,0
3,123,0
3,123,0
3,123,0
3,123,0
3,123,0
3,123,0
3,123,0
3,123,0
3,123,0
3,123,0
3,123,0
3,123,0
3,123,0
3,123,0
3,123,0
3,123,0
3,123,0
3,123,0
3,123,0
3,123,0
3,123,0
3,123,0
3,123,0
3,123,0
3,123,0
3,123,0
3,123,0
3,123,0
3,123,0
3,123,0
3,123,0
3,123,0
3,123,0
3,123,0
3,123,0
3,123,0
3,123,0
3,123,0
3,123,0
3,123,0
3,123,0
3,123,0
3,123,0
3,123,0
3,123,0
3,123,0
3,123,0
3,123,0
3,123,0
3,123,0
3,123,0
3,123,0
3,123,0
3,123,0
3,123,0
3,123,0
3,123,0
3,123,0
3,123,0
3,123,0
3,123,0
3,123,0
3,123,0
3,123,0
3,123,0
3,123,0
3,123,0
3,123,0
3,123,0
3,123,0
3,123,0
3,123,0
3,123,0
3,123,0
3,123,0
3,123,0
3,123,0
3,123,0
3,123,0
3,123,0
3,123,0
3,123,0
3,123,0
3,123,0
3,123,0
3,123,0
3,123,0
3,123,0
3,123,0
3,123,0
3,123,0
3,123,0
3,123,0
3,123,0
3,123,0
3,123,0
3,123,0
3,123,0
3,123,0
3,123,0
3,123,0
3,123,0
3,123,0
3,123,0
3,123,0
3,123,0
3,123,0
3,123,0
3,123,0
3,123,0
3,123,0
3,123,0
3,123,0
3,123,0
3,123,0
3,123,0
3,123,0
3,123,0
3,123,0
3,123,0
3,123,0
3,123,0
3,123,0
3,123,0
3,123,0
3,123,0
3,123,0
3,123,0
3,123,0
3,123,0
3,123,0
3,123,0
3,123,0
3,123,0
3,123,0
3,123,0
3,123,0
3,123,0
3,123,0
3,123,0
3,123,0
3,123,0
3,123,0
3,123,0
3,123,0
3,123,0
3,123,0
3,123,0
3,123,0
3,123,0
3,123,0
3,123,0
3,123,0
3,123,0
3,123,0
3,123,0
3,123,0
3,123,0
3,123,0
3,123,0
3,123,0
3,123,0
3,123,0
3,123,0
3,123,0
3,123,0
3,123,0
3,123,0
3,123,0
3,123,0
3,123,0
3,123,0
3,123,0
3,123,0
3,123,0
3,123,0
3,123,0
3,123,0
3,123,0
3,123,0
3,123,0
3,123,0
3,123,0
3,123,0
3,123,0
3,123,0
3,123,0
3,123,0
3,123,0
3,123,0
3,123,0
3,123,0
3,123,0
3,123,0
3,123,0
3,123,0
3,123,0
3,123,0
3,123,0
3,123,0
3,123,0
3,123,0
3,123,0
3,123,0
3,123,0
3,123,0
3,123,0
3,123,0
3,123,0
3,123,0
3,123,0
3,123,0
3,123,0
3,123,0
3,123,0
3,123,0
3,123,0
3,123,0
3,123,0
3,123,0
3,123,0
3,123,0
3,123,0
3,123,0
3,123,0
3,123,0
3,123,0
3,123,0
3,123,0
3,123,0
3,123,0
3,123,0
3,123,0
3,123,0
3,123,0
3,123,0
3,123,0
3,123,0
3,123,0
3,123,0
3,123,0
3,123,0
3,123,0
3,123,0
3,123,0
3,123,0
3,123,0
3,123,0
3,123,0
3,123,0
3,123,0
3,123,0
3,123,0
3,123,0
3,123,0
3,123,0
3,123,0
3,123,0
3,123,0
3,123,0
3,123,0
3,123,0
3,123,0
3,123,0
3,123,0
3,123,0
3,123,0
3,123,0
3,123,0
3,123,0
3,123,0
3,123,0
3,123,0
3,123,0
3,123,0
3,123,0
3,123,0
3,123,0
3,123,0
3,123,0
3,123,0
3,123,0
3,123,0
3,123,0
3,123,0
3,123,0
3,123,0
3,123,0
3,123,0
3,123,0
3,123,0
3,123,0
3,123,0
3,123,0
3,123,0
3,123,0
3,123,0
3,123,0
3,123,0
3,123,0
3,123,0
3,123,0
3,123,0
3,123,0
3,123,0
3,123,0
3,123,0
3,123,0
3,123,0
3,123,0
3,123,0
3,123,0
3,123,0
3,123,0
3,123,0
3,123,0
3,123,0
3,123,0
3,123,0
3,123,0
3,123,0
3,123,0
3,123,0
3,123,0
3,123,0
3,123,0
3,123,0
3,123,0
3,123,0
3,123,0
3,123,0
3,123,0
3,123,0
3,123,0
3,123,0
3,123,0
3,123,0
3,123,0
3,123,0
3,123,0
3,123,0
3,123,0
3,123,0
3,123,0
3,123,0
3,123,0
3,123,0
3,123,0
3,123,0
3,123,0
3,123,0
3,123,0
3,123,0
3,123,0
3,123,0
3,123,0
3,123,0
3,123,0
3,123,0
3,123,0
3,123,0
3,123,0
3,123,0
3,123,0
3,123,0
3,123,0
3,123,0
3,123,0
3,123,0
3,123,0
3,123,0
3,123,0
3,123,0
3,123,0
3,123,0
3,123,0
3,123,0
3,123,0
3,123,0
3,123,0
3,123,0
3,123,0
3,123,0
3,123,0
3,123,0
3,123,0
3,123,0
3,123,0
3,123,0
3,123,0
3,123,0
3,123,0
3,123,0
3,123,0
3,123,0
3,123,0
3,123,0
3,123,0
3,123,0
3,123,0
3,123,0
3,123,0
3,123,0
3,123,0
3,123,0
3,123,0
3,123,0
3,123,0
3,123,0
3,123,0
3,123,0
3,123,0
3,123,0
3,123,0
3,123,0
3,123,0
3,123,0
3,123,0
3,123,0
3,123,0
3,123,0
3,123,0
3,123,0
3,123,0
3,123,0
3,123,0
3,123,0
3,123,0
3,123,0
3,123,0
3,123,0
3,123,8
3,123,8
3,123,8
3,123,8
3,123,8
3,123,8
3,123,8
3,123,8
3,123,8
3,123,8
3,123,8
3,123,8
3,123,8
3,123,8
3,123,8
3,123,8
3,123,8
3,123,8
3,123,8
3,123,8
3,123,8
3,123,8
3,123,8
3,123,8
3,123,8
3,123,8
3,123,8
3,123,8
3,123,8
3,123,8
3,123,8
3,123,8
3,123,8
3,123,8
3,123,8
3,123,8
3,123,8
3,123,8
3,123,8
3,123,8
3,123,8
3,123,8
3,123,8
3,123,8
3,123,8
3,123,8
3,123,8
3,123,8
3,123,8
3,123,8
3,123,8
3,123,8
3,123,8
3,123,8
3,123,8
3,123,8
3,123,8
3,123,8
3,123,8
3,123,8
3,123,8
3,123,8
3,123,8
3,123,8
3,123,8
3,123,8
3,123,8
3,123,8
3,123,8
3,123,8
3,123,8
3,123,8
3,123,8
3,123,8
3,123,8
3,123,8
3,123,8
3,123,8
3,123,8
3,123,8
3,123,8
3,123,8
3,123,8
3,123,8
3,123,8
3,123,8
3,123,8
3,123,8
3,123,8
3,123,8
3,123,8
3,123,8
3,123,8
3,123,8
3,123,8
3,123,8
3,123,8
3,123,8
3,123,8
3,123,8
3,123,8
3,123,8
3,123,8
3,123,8
3,123,8
3,123,8
3,123,8
3,123,8
3,123,8
3,123,8
3,123,8
3,123,8
3,123,8
3,123,8
3,123,8
3,123,8
3,123,8
3,123,8
3,123,8
3,123,8
3,123,8
3,123,8
3,123,8
3,123,8
3,123,8
3,123,8
3,123,8
3,123,8
3,123,8
3,123,8
3,123,8
3,123,8
3,123,8
3,123,8
3,123,8
3,123,8
3,123,8
3,123,8
3,123,8
3,123,8
3,123,8
3,123,8
3,123,8
3,123,8
3,123,8
3,123,8
3,123,8
3,123,8
3,123,8
3,123,8
3,123,8
3,123,8
3,123,8
3,123,8
3,123,8
3,123,8
3,123,8
3,123,8
3,123,8
3,123,8
3,123,8
3,123,8
3,123,8
3,123,8
3,123,8
3,123,8
3,123,8
3,123,8
3,123,8
3,123,8
3,123,8
3,123,8
3,123,8
3,123,8
3,123,8
3,123,8
3,123,8
3,123,8
3,123,8
3,123,8
3,123,8
3,123,8
3,123,8
3,123,8
3,123,8
3,123,8
3,123,8
3,123,8
3,123,8
3,123,8
3,123,8
3,123,8
3,123,8
3,123,8
3,123,8
3,123,8
3,123,8
3,123,8
3,123,8
3,123,8
3,123,8
3,123,8
3,123,8
3,123,8
3,123,8
3,123,8
3,123,8
3,123,8
3,123,8
3,123,8
3,123,8
3,123,8
3,123,8
3,123,8
3,123,8
3,123,8
3,123,8
3,123,8
3,123,8
3,123,8
3,123,8
3,123,8
3,123,8
3,123,8
3,123,8
3,123,8
3,123,8
3,123,8
3,123,8
3,123,8
3,123,8
3,123,8
3,123,8
3,123,8
3,123,8
3,123,8
3,123,8
3,123,8
3,123,8
3,123,8
3,123,8
3,123,8
3,123,8
3,123,8
3,123,8
3,123,8
3,123,8
3,123,8
3,123,8
3,123,8
3,123,8
3,123,8
3,123,8
3,123,8
3,123,8
3,123,8
3,123,8
3,123,8
3,123,8
3,123,8
3,123,8
3,123,8
3,123,8
3,123,8
3,123,8
3,123,8
3,123,8
3,123,8
3,123,8
3,123,8
3,123,8
3,123,8
3,123,8
3,123,8
3,123,8
3,123,8
3,123,8
3,123,8
3,123,8
3,123,8
3,123,8
3,123,8
3,123,8
3,123,8
3,123,8
3,123,8
3,123,8
3,123,8
3,123,8
3,123,8
3,123,8
3,123,8
3,123,8
3,123,8
3,123,8
3,123,8
3,123,8
3,123,8
3,123,8
3,123,8
3,123,8
3,123,8
3,123,8
3,123,8
3,123,8
3,123,8
3,123,8
3,123,8
3,123,8
3,123,8
3,123,8
3,123,8
3,123,8
3,123,8
3,123,8
3,123,8
3,123,8
3,123,8
3,123,8
3,123,8
3,123,8
3,123,8
3,123,8
3,123,8
3,123,8
3,123,8
3,123,8
3,123,8
3,123,8
3,123,8
3,123,8
3,123,8
3,123,8
3,123,8
3,123,8
3,123,8
3,123,8
3,123,8
3,123,8
3,123,8
3,123,8
3,123,8
3,123,8
3,123,8
3,123,8
3,123,8
3,123,8
3,123,8
3,123,8
3,123,8
3,123,8
3,123,8
3,123,8
3,123,8
3,123,8
3,123,8
3,123,8
3,123,8
3,123,8
3,123,8
3,123,8
3,123,8
3,123,8
3,123,8
3,123,8
3,123,8
3,123,8
3,123,8
3,123,8
3,123,8
3,123,8
3,123,8
3,123,8
3,123,8
3,123,8
3,123,8
3,123,8
3,123,8
3,123,8
3,123,8
3,123,8
3,123,8
3,123,8
3,123,8
3,123,8
3,123,8
3,123,8
3,123,8
3,123,8
3,123,8
3,123,8
3,123,8
3,123,8
3,123,8
3,123,8
3,123,8
3,123,8
3,123,8
3,123,8
3,123,8
3,123,8
3,123,8
3,123,8
3,123,8
3,123,8
3,123,8
3,123,8
3,123,8
3,123,8
3,123,8
3,123,8
3,123,8
3,123,8
3,123,8
3,123,8
3,123,8
3,123,8
3,123,8
3,123,8
3,123,8
3,123,8
3,123,8
3,123,8
3,123,8
3,123,8
3,123,8
3,123,8
3,123,8
3,123,8
3,123,8
3,123,8
3,123,8
3,123,8
3,123,8
3,123,8
3,123,8
3,123,8
3,123,8
3,123,8
3,123,8
3,123,8
3,123,8
3,123,8
3,123,8
3,123,8
3,123,8
3,123,8
3,123,8
3,123,8
3,123,8
3,123,8
3,123,8
3,123,8
3,123,8
3,123,8
3,123,8
3,123,8
3,123,8
3,123,8
3,123,8
3,123,8
3,123,8
3,123,8
3,123,8
3,123,8
3,123,8
3,123,8
3,123,8
3,123,8
3,123,8
3,123,8
3,123,8
3,123,8
3,123,8
3,123,8
3,123,8
3,123,8
3,123,8
3,123,8
3,123,8
3,123,8
3,123,8
3,123,8
3,123,8
3,123,8
3,123,8
3,123,8
3,123,8
3,123,8
3,123,8
3,123,8
3,123,8
3,123,8
3,123,8
3,123,8
3,123,8
3,123,8
3,123,8
3,123,8
3,123,8
3,123,8
3,123,8
3,123,8
3,123,8
3,123,8
3,123,8
3,123,8
3,123,8
3,123,8
3,123,8
3,123,8
3,123,8
3,123,8
3,123,8
3,123,8
3,123,8
3,123,8
3,123,8
3,123,8
3,123,8
3,123,8
3,123,8
3,123,8
3,123,8
3,123,8
3,123,8
3,123,8
3,123,8
3,123,8
3,123,8
3,123,8
3,123,8
3,123,8
3,123,8
3,123,8
3,123,8
3,123,8
3,123,8
3,123,8
3,123,8
3,123,8
3,123,8
3,123,8
3,123,8
3,123,8
3,123,8
3,123,8
3,123,8
3,123,8
3,123,8
3,123,8
3,123,8
3,123,8
3,123,8
3,123,8
3,123,8
3,123,8
3,123,8
3,123,8
3,123,8
3,123,8
3,123,8
3,123,8
3,123,8
3,123,8
3,123,8
3,123,8
3,123,8
3,123,8
3,123,8
3,123,8
3,123,8
3,123,8
3,123,8
3,123,8
3,123,8
3,123,8
3,123,8
3,123,8
3,123,8
3,123,8
3,123,8
3,123,8
3,123,8
3,123,8
3,123,8
3,123,8
3,123,8
3,123,8
3,123,8
3,123,8
3,123,8
3,123,8
3,123,8
3,123,8
3,123,8
3,123,8
3,123,8
3,123,8
3,123,8
3,123,8
3,123,8
3,123,8
3,123,8
3,123,8
3,123,8
3,123,8
3,123,8
3,123,8
3,123,8
3,123,8
3,123,8
3,123,8
3,123,8
3,123,8
3,123,8
3,123,8
3,123,8
3,123,8
3,123,8
3,123,8
3,123,8
3,123,8
3,123,8
3,123,8
3,123,8
3,123,8
3,123,8
3,123,8
3,123,8
3,123,8
3,123,8
3,123,8
3,123,8
3,123,8
3,123,8
3,123,8
3,123,8
3,123,8
3,123,8
3,123,8
3,123,8
3,123,8
3,123,8
3,123,8
3,123,8
3,123,8
3,123,8
3,123,8
3,123,8
3,123,8
3,123,8
3,123,8
3,123,8
3,123,8
3,123,8
3,123,8
3,123,8
3,123,8
3,123,8
3,123,8
3,123,8
3,123,8
3,123,8
3,123,8
3,123,8
3,123,8
3,123,8
3,123,8
3,123,8
3,123,8
3,123,8
3,123,8
3,123,8
3,123,8
3,123,8
3,123,8
3,123,8
3,123,8
3,123,8
3,123,8
3,123,8
3,123,8
3,123,8
3,123,8
3,123,8
3,123,8
3,123,8
3,123,8
3,123,8
3,123,8
3,123,8
3,123,8
3,123,8
3,123,8
3,123,8
3,123,8
3,123,8
3,123,8
3,123,8
3,123,8
3,123,8
3,123,8
3,123,8
3,123,8
3,123,8
3,123,8
3,123,8
3,123,8
3,123,8
3,123,8
3,123,8
3,123,8
3,123,8
3,123,8
3,123,8
3,123,8
3,123,8
3,123,8
3,123,8
3,123,8
3,123,8
3,123,8
3,123,8
3,123,8
3,123,8
3,123,8
3,123,8
3,123,8
3,123,8
3,123,8
3,123,8
3,123,8
3,123,8
3,123,8
3,123,8
3,123,8
3,123,8
3,123,8
3,123,8
3,123,8
3,123,8
3,123,8
3,123,8
3,123,8
3,123,8
3,123,8
3,123,8
3,123,8
3,123,8
3,123,8
3,123,8
3,123,8
3,123,8
3,123,8
3,123,8
3,123,8
3,123,8
3,123,8
3,123,8
3,123,8
3,123,8
3,123,8
3,123,8
3,123,8
3,123,8
3,123,8
3,123,8
3,123,8
3,123,8
3,123,8
3,123,8
3,123,8
3,123,8
3,123,8
3,123,8
3,123,8
3,123,8
3,123,8
3,123,8
3,123,8
3,123,8
3,123,8
3,123,8
3,123,8
3,123,8
3,123,8
3,123,8
3,123,8
3,123,8
3,123,8
3,123,8
3,123,8
3,123,8
3,123,8
3,123,8
3,123,8
3,123,8
3,123,8
3,123,8
3,123,8
3,123,8
3,123,8
3,123,8
3,123,8
3,123,8
3,123,8
3,123,8
3,123,8
3,123,8
3,123,8
3,123,8
3,123,8
3,123,8
3,123,8
3,123,8
3,123,8
3,123,8
3,123,8
3,123,8
3,123,8
3,123,8
3,123,8
3,123,8
3,123,8
3,123,8
3,123,8
3,123,8
3,123,8
3,123,8
3,123,8
3,123,8
3,123,8
3,123,8
3,123,8
3,123,8
3,123,8
3,123,8
3,123,8
3,123,8
3,123,8
3,123,8
3,123,8
3,123,8
3,123,8
3,123,8
3,123,8
3,123,8
3,123,8
3,123,8
3,123,8
3,123,8
3,123,8
3,123,8
3,123,8
3,123,8
3,123,8
3,123,8
3,123,8
3,123,8
3,123,8
3,123,8
3,123,8
3,123,8
3,123,8
3,123,8
3,123,8
3,123,8
3,123,8
3,123,8
3,123,8
3,123,8
3,123,8
3,123,8
3,123,8
3,123,8
3,123,8
3,123,8
3,123,8
3,123,8
3,123,8
3,123,8
3,123,8
3,123,8
3,123,8
3,123,8
3,123,8
3,123,8
3,123,8
3,123,8
3,123,8
3,123,8
3,123,8
3,123,8
3,123,8
3,123,8
3,123,8
3,123,8
3,123,8
3,123,8
3,123,8
3,123,8
3,123,8
3,123,8
3,123,8
3,123,8
3,123,8
3,123,8
3,123,8
3,123,8
3,123,8
3,123,8
3,123,8
3,123,8
3,123,8
3,123,8
3,123,8
3,123,8
3,123,8
3,123,8
3,123,8
3,123,8
3,123,8
3,123,8
3,123,8
3,123,8
3,123,8
3,123,8
3,123,8
3,123,8
3,123,8
3,123,8
3,123,8
3,123,8
3,123,8
3,123,8
3,123,8
3,123,8
3,123,8
3,123,8
3,123,8
3,123,8
3,123,8
3,123,8
3,123,8
3,123,8
3,123,8
3,123,8
3,123,8
3,123,8
3,123,8
3,123,8
3,123,8
3,123,8
3,123,8
3,123,8
3,123,8
3,123,8
3,123,8
3,123,8
3,123,8
3,123,8
3,123,8
3,123,8
3,123,8
3,123,8
3,123,8
3,123,8
3,123,8
3,123,8
3,123,8
3,123,8
3,123,8
3,123,8
3,123,8
3,123,8
3,123,8
3,123,8
3,123,8
3,123,8
3,123,8
3,123,8
3,123,8
3,123,8
3,123,8
3,123,8
3,123,8
3,123,8
3,123,8
3,123,8
3,123,8
3,123,8
3,123,8
3,123,8
3,123,8
3,123,8
3,123,8
3,123,8
3,123,8
3,123,8
3,123,8
3,123,8
3,123,8
3,123,8
3,123,8
3,123,8
3,123,8
3,123,8
3,123,8
3,123,8
3,123,8
3,123,8
3,123,8
3,123,8
3,123,8
3,123,8
3,123,8
3,123,8
3,123,8
3,123,8
3,123,8
3,123,8
3,123,8
3,123,8
3,123,8
3,123,8
3,123,8
3,123,8
3,123,8
3,123,8
3,123,8
3,123,8
3,123,8
3,123,8
3,123,8
3,123,8
3,123,8
3,123,8
3,123,8
3,123,8
3,123,8
3,123,8
3,123,8
3,123,8
3,123,8
3,123,8
3,123,8
3,123,8
3,123,8
3,123,8
3,123,8
3,123,8
3,123,8
3,123,8
3,123,8
3,123,8
3,123,8
3,123,8
3,123,8
3,123,8
3,123,8
3,123,8
3,123,8
3,123,8
3,123,8
3,123,8
3,123,8
3,123,8
3,123,8
3,123,8
3,123,8
3,123,8
3,123,8
3,123,8
3,123,8
3,123,8
3,123,8
3,123,8
3,123,8
3,123,8
3,123,8
3,123,8
3,123,8
3,123,8
3,123,8
3,123,8
3,123,8
3,123,8
3,123,8
3,123,8
3,123,8
3,123,8
3,123,8
3,123,8
3,123,8
3,123,8
3,123,8
3,123,8
3,123,8
3,123,8
3,123,8
3,123,8
3,123,8
3,123,8
3,123,8
3,123,8
3,123,8
3,123,8
3,123,8
3,123,8
3,123,8
3,123,8
3,123,8
3,123,8
3,123,8
3,123,8
3,123,8
3,123,8
3,123,8
3,123,8
3,123,8
3,123,8
3,123,8
3,123,8
3,123,8
3,123,8
3,123,8
3,123,8
3,123,8
3,123,8
3,123,8
3,123,8
3,123,8
3,123,8
3,123,8
3,123,8
3,123,8
3,123,8
3,123,8
3,123,8
3,123,8
3,123,8
3,123,8
3,123,8
3,123,8
3,123,8
3,123,8
3,123,8
3,123,8
3,123,8
3,123,8
3,123,8
3,123,8
3,123,8
3,123,8
3,123,8
3,123,8
3,123,8
3,123,8
3,123,8
3,123,8
3,123,8
3,123,8
3,123,8
3,123,8
3,123,8
3,123,8
3,123,8
3,123,8
3,123,8
3,123,8
3,123,8
3,123,8
3,123,8
3,123,8
3,123,8
3,123,8
3,123,8
3,123,8
3,123,8
3,123,8
3,123,8
3,123,8
3,123,8
3,123,8
3,123,8
3,123,8
3,123,8
3,123,8
3,123,8
3,123,8
3,123,8
3,123,8
3,123,8
3,123,8
3,123,8
3,123,8
3,123,8
3,123,8
3,123,8
3,123,8
3,123,8
3,123,8
3,123,16
3,123,16
3,123,16
3,123,16
3,123,44
3,123,44
3,123,44
3,123,44
3,123,44
3,123,48
3,123,48
3,123,48
3,123,48
3,123,48
3,123,52
3,123,52
3,123,52
3,123,52
3,123,52
3,123,52
3,123,52
3,123,54
3,123,54
3,123,54
3,123,56
3,123,56
3,123,56
3,123,56
3,123,56
3,123,56
3,123,56
3,123,56
3,123,56
3,123,56
3,123,56
3,123,56
3,123,56
3,123,56
3,123,56
3,123,56
3,123,56
3,123,56
3,123,56
3,123,56
3,123,56
3,123,58
3,123,58
3,123,58
3,123,58
3,123,58
3,123,60
3,123,60
3,123,60
3,123,60
3,123,60
3,123,60
3,123,60
3,123,60
3,123,60
3,123,60
3,123,60
3,123,60
3,123,60
3,123,60
3,123,60
3,123,60
3,123,60
3,123,60
3,123,60
3,123,60
3,123,60
3,123,60
3,123,60
3,123,60
3,123,60
3,123,60
3,123,60
3,123,60
3,123,60
3,123,60
3,123,60
3,123,60
3,123,60
3,123,60
3,123,62
3,123,62
3,123,62
3,123,62
3,123,62
3,123,62
3,123,62
3,123,62
3,123,62
3,123,62
3,123,62
3,123,62
3,123,62
3,123,64
3,123,64
3,123,64
3,123,64
3,123,64
3,123,64
3,123,64
3,123,64
3,123,64
3,123,64
3,123,64
3,123,64
3,123,64
3,123,64
3,123,64
3,123,64
3,123,64
3,123,64
3,123,64
3,123,64
3,123,64
3,123,64
3,123,64
3,123,64
3,123,64
3,123,64
3,123,64
3,123,64
3,123,64
3,123,64
3,123,64
3,123,64
3,123,64
3,123,64
3,123,64
3,123,64
3,123,64
3,123,64
3,123,64
3,123,64
3,123,64
3,123,64
3,123,64
3,123,64
3,123,64
3,123,64
3,123,64
3,123,64
3,123,64
3,123,64
3,123,64
3,123,64
3,123,64
3,123,64
3,123,64
3,123,64
3,123,64
3,123,64
3,123,64
3,123,64
3,123,64
3,123,64
3,123,64
3,123,64
3,123,64
3,123,64
3,123,64
3,123,64
3,123,64
3,123,66
3,123,66
3,123,66
3,123,66
3,123,66
3,123,66
3,123,66
3,123,66
3,123,66
3,123,66
3,123,66
3,123,66
3,123,66
3,123,66
3,123,66
3,123,66
3,123,66
3,123,66
3,123,66
3,123,66
3,123,66
3,123,66
3,123,66
3,123,66
3,123,66
3,123,66
3,123,66
3,123,66
3,123,66
3,123,66
3,123,66
3,123,66
3,123,66
3,123,66
3,123,66
3,123,66
3,123,68
3,123,68
3,123,68
3,123,68
3,123,68
3,123,68
3,123,68
3,123,68
3,123,68
3,123,68
3,123,68
3,123,68
3,123,68
3,123,68
3,123,68
3,123,68
3,123,68
3,123,68
3,123,68
3,123,68
3,123,68
3,123,68
3,123,68
3,123,68
3,123,68
3,123,68
3,123,68
3,123,68
3,123,68
3,123,68
3,123,68
3,123,68
3,123,68
3,123,68
3,123,68
3,123,68
3,123,68
3,123,68
3,123,68
3,123,68
3,123,68
3,123,68
3,123,68
3,123,68
3,123,68
3,123,68
3,123,68
3,123,68
3,123,68
11,123,68
11,123,68
11,123,68
11,123,68
11,123,68
11,123,68
11,123,68
11,123,68
11,123,68
11,123,68
11,123,68
11,123,68
11,123,68
11,123,68
11,123,68
11,123,68
11,123,68
11,123,68
11,123,68
11,123,68
11,123,68
11,123,68
11,123,68
11,123,68
11,123,68
11,123,68
11,123,68
11,123,68
11,123,68
11,123,68
11,123,68
11,123,68
11,123,68
11,123,68
11,123,68
11,123,68
11,123,68
11,123,68
11,123,68
11,123,68
11,123,68
11,123,68
11,123,68
11,123,68
11,123,68
11,123,68
11,123,68
11,123,68
11,123,68
11,123,68
11,123,68
11,123,68
11,123,68
11,123,68
11,123,68
11,123,70
11,123,70
11,123,70
11,123,70
11,123,70
11,123,70
11,123,70
11,123,70
11,123,70
11,123,70
11,123,70
11,123,70
11,123,70
11,123,70
11,123,70
11,123,70
11,123,70
11,123,70
11,123,70
11,123,70
11,123,70
11,123,70
11,123,70
11,123,70
11,123,70
11,123,70
11,123,70
11,123,70
11,123,70
11,123,70
11,123,70
11,123,70
11,123,70
11,123,70
11,123,70
11,123,70
11,123,70
11,123,70
11,123,70
11,123,70
11,123,70
11,123,70
11,123,70
11,123,70
11,123,70
11,123,70
11,123,70
11,123,70
11,123,70
11,123,70
11,123,70
11,123,70
11,123,70
11,123,70
11,123,70
11,123,70
11,123,70
11,123,70
11,123,72
11,123,72
11,123,72
11,123,72
11,123,72
11,123,72
11,123,72
11,123,72
11,123,72
11,123,72
11,123,72
11,123,72
11,123,72
11,123,72
11,123,72
11,123,72
11,123,72
11,123,72
11,123,72
11,123,72
11,123,72
11,123,72
11,123,72
11,123,72
11,123,72
11,123,72
11,123,72
11,123,72
11,123,72
11,123,72
11,123,72
11,123,72
11,123,72
11,123,72
11,123,72
11,123,72
11,123,72
11,123,72
11,123,72
11,123,72
11,123,72
11,123,72
11,123,72
11,123,72
11,123,72
11,123,72
11,123,72
11,123,72
11,123,72
11,123,72
11,123,72
11,123,72
11,123,72
11,123,72
11,123,72
11,123,72
11,123,72
11,123,72
11,123,72
11,123,72
11,123,72
11,123,72
11,123,72
11,123,72
11,123,72
11,123,72
11,123,72
11,123,72
11,123,72
11,123,72
11,123,72
11,123,72
11,123,72
11,123,72
11,123,72
11,123,72
11,123,72
11,123,72
11,123,72
11,123,72
11,123,72
11,123,72
11,123,72
11,123,72
11,123,72
11,123,72
11,123,72
11,123,72
11,123,72
11,123,72
11,123,72
11,123,72
11,123,72
11,123,72
11,123,72
11,123,72
11,123,72
11,123,72
11,123,72
11,123,72
11,123,72
11,123,72
11,123,72
11,123,72
11,123,72
11,123,72
11,123,72
11,123,72
11,123,72
11,123,72
11,123,72
11,123,72
11,123,72
11,123,72
11,123,72
11,123,72
11,123,72
11,123,72
11,123,72
11,123,72
11,123,72
11,123,72
11,123,72
11,123,72
11,123,72
11,123,72
11,123,72
11,123,72
11,123,72
15,123,72
15,123,72
15,123,72
15,123,72
15,123,72
15,123,72
15,123,72
15,123,72
15,123,72
15,123,72
15,123,72
15,123,72
15,123,72
15,123,72
15,123,72
15,123,72
15,123,72
15,123,72
15,123,72
15,123,72
15,123,72
15,123,72
15,123,72
15,123,72
15,123,72
15,123,72
15,123,72
15,123,72
15,123,74
15,123,74
15,123,74
15,123,74
15,123,74
15,123,74
15,123,74
15,123,74
15,123,74
15,123,74
15,123,74
15,123,74
15,123,74
15,123,74
15,123,74
15,123,74
15,123,74
15,123,74
15,123,74
15,123,74
15,123,74
15,123,74
15,123,74
15,123,74
15,123,74
15,123,74
15,123,74
15,123,74
15,123,74
15,123,74
15,123,74
15,123,74
15,123,74
15,123,74
15,123,74
15,123,74
15,123,74
15,123,74
15,123,74
15,123,74
15,123,74
15,123,74
15,123,74
15,123,74
15,123,74
15,123,74
15,123,74
15,123,74
15,123,74
15,123,74
15,123,74
15,123,74
15,123,74
15,123,74
15,123,74
15,123,74
15,123,74
15,123,74
15,123,74
15,123,74
15,123,74
15,123,74
15,123,74
15,123,74
15,123,74
15,123,74
15,123,74
15,123,74
15,123,74
15,123,74
15,123,74
15,123,74
15,123,74
15,123,74
15,123,74
15,123,74
15,123,74
15,123,74
15,123,74
15,123,74
15,123,74
15,123,74
15,123,76
15,123,76
15,123,76
15,123,76
15,123,76
15,123,76
15,123,76
15,123,76
15,123,76
15,123,76
15,123,76
15,123,76
15,123,76
15,123,76
15,123,76
15,123,76
15,123,76
15,123,76
15,123,76
15,123,76
15,123,76
15,123,76
15,123,76
15,123,76
15,123,76
15,123,76
15,123,76
15,123,76
15,123,76
15,123,76
15,123,76
15,123,76
15,123,76
15,123,76
15,123,76
15,123,76
15,123,76
15,123,76
15,123,76
15,123,76
15,123,76
15,123,76
15,123,76
15,123,76
15,123,76
15,123,76
15,123,76
15,123,76
15,123,76
15,123,76
15,123,76
15,123,76
15,123,76
15,123,76
15,123,76
15,123,76
15,123,76
15,123,76
15,123,76
15,123,76
15,123,76
15,123,76
15,123,76
15,123,76
15,123,76
15,123,76
15,123,76
15,123,76
15,123,76
15,123,76
15,123,76
15,123,76
15,123,76
15,123,76
15,123,76
15,123,76
15,123,76
15,123,76
15,123,76
15,123,76
15,123,76
15,123,76
15,123,76
15,123,76
15,123,76
15,123,76
15,123,76
19,123,76
19,123,76
19,123,76
19,123,76
19,123,76
19,123,76
19,123,76
19,123,76
19,123,76
19,123,76
19,123,76
19,123,76
19,123,76
19,123,76
19,123,76
19,123,76
19,123,76
19,123,76
19,123,76
19,123,76
19,123,76
19,123,76
19,123,76
19,123,76
19,123,76
19,123,76
19,123,76
19,123,76
19,123,76
19,123,76
19,123,76
19,123,76
19,123,76
19,123,76
19,123,76
19,123,76
23,123,76
23,123,76
23,123,76
23,123,76
23,123,76
23,123,76
23,123,76
23,123,76
27,123,76
27,123,76
27,123,76
27,123,76
27,123,76
27,123,76
27,123,76
27,123,76
27,123,76
27,123,76
27,123,76
27,123,76
27,123,76
31,123,76
31,123,76
31,123,76
31,123,76
31,123,76
31,123,76
31,123,76
31,123,76
31,123,76
31,123,76
31,123,76
31,123,76
31,123,76
35,123,76
35,123,76
35,123,76
35,123,76
35,123,76
35,123,76
35,123,76
35,123,76
35,123,76
35,123,76
35,123,76
35,123,76
35,123,76
35,123,76
51,123,76
51,123,76
51,123,76
51,123,76
51,123,76
51,123,76
51,123,76
51,123,76
51,123,76
51,123,76
51,123,76
51,123,76
51,123,76
51,123,76
51,123,76
51,123,76
51,123,76
51,123,76
51,123,76
51,123,76
51,123,76
51,123,76
51,123,76
51,123,76
51,123,76
51,123,76
51,123,76
51,123,76
51,123,76
51,123,76
51,123,76
51,123,76
51,123,76
51,123,76
51,123,76
51,123,76
51,123,76
51,123,76
51,123,76
51,123,76
51,123,76
51,123,76
51,123,76
51,123,76
51,123,76
51,123,76
51,123,76
51,123,76
51,123,76
51,123,76
51,123,76
51,123,76
51,123,76
51,123,76
51,123,76
51,123,76
51,123,76
51,123,76
51,123,76
51,123,76
51,123,76
51,123,76
51,123,76
51,123,76
51,123,76
51,123,76
51,123,76
51,123,76
51,123,76
51,123,76
51,123,76
51,123,78
51,123,78
51,123,78
51,123,78
51,123,78
51,123,78
51,123,78
51,123,78
51,123,78
51,123,78
51,123,78
51,123,78
51,123,78
51,123,78
51,123,78
51,123,78
51,123,78
51,123,78
51,123,78
51,123,78
51,123,78
51,123,78
51,123,78
51,123,78
51,123,78
51,123,78
51,123,78
51,123,78
51,123,78
51,123,78
51,123,78
51,123,78
51,123,78
51,123,78
51,123,78
51,123,78
51,123,78
51,123,78
51,123,78
51,123,78
51,123,78
51,123,78
51,123,78
51,123,78
51,123,78
51,123,78
51,123,78
51,123,78
51,123,78
51,123,78
51,123,78
51,123,78
51,123,78
51,123,78
51,123,78
51,123,78
51,123,78
51,123,78
51,123,78
51,123,78
51,123,78
51,123,78
51,123,78
51,123,78
51,123,78
51,123,78
51,123,78
51,123,78
51,123,78
51,123,78
51,123,78
51,123,78
51,123,78
51,123,78
51,123,78
51,123,78
51,123,78
51,123,78
51,123,78
51,123,78
51,123,78
51,123,78
51,123,78
51,123,78
51,123,78
51,123,78
51,123,78
51,123,78
51,123,78
51,123,78
51,123,78
51,123,78
51,123,78
51,123,78
51,123,78
51,123,78
51,123,78
51,123,78
51,123,78
51,123,78
51,123,78
51,123,78
51,123,78
51,123,78
51,123,78
51,123,78
51,123,78
51,123,78
51,123,78
51,123,78
51,123,78
51,123,78
51,123,78
51,123,78
51,123,78
51,123,78
51,123,78
51,123,78
51,123,78
51,123,78
51,123,78
51,123,78
51,123,78
51,123,78
51,123,78
55,123,78
55,123,78
55,123,78
55,123,78
55,123,78
55,123,78
55,123,78
55,123,78
55,123,78
55,123,78
55,123,78
55,123,78
55,123,78
55,123,78
55,123,78
55,123,78
55,123,78
55,123,78
55,123,78
55,123,78
57,123,80
57,123,80
57,123,80
57,123,80
57,123,80
57,123,80
57,123,80
57,123,80
57,123,80
59,123,80
59,123,80
59,123,80
59,123,80
59,123,80
59,123,80
59,123,80
59,123,80
59,123,80
59,123,80
59,123,80
61,123,80
61,123,80
61,123,80
61,123,80
61,123,80
61,123,80
61,123,80
61,123,80
61,123,80
61,123,80
61,123,80
61,123,80
61,123,80
61,123,80
61,123,80
61,123,80
61,123,80
63,123,80
63,123,80
63,123,80
63,123,80
63,123,80
63,123,80
63,123,80
63,123,80
63,123,80
63,123,80
63,123,80
63,123,80
63,123,80
63,123,80
63,123,80
63,123,80
63,123,80
63,123,80
63,123,80
63,123,80
63,123,80
63,123,80
63,123,80
63,123,80
63,123,80
63,123,80
63,123,80
63,123,80
63,123,80
63,123,80
65,123,80
65,123,80
65,123,80
65,123,80
65,123,80
65,123,80
65,123,80
65,123,80
65,123,80
65,123,80
65,123,80
65,123,80
65,123,80
65,123,80
65,123,80
65,123,80
65,123,80
65,123,80
65,123,80
65,123,80
65,123,80
67,123,80
67,123,80
67,123,80
67,123,80
67,123,80
67,123,80
67,123,80
67,123,80
67,123,80
67,123,80
67,123,80
67,123,80
67,123,80
67,123,80
67,123,80
67,123,80
67,123,80
67,123,80
67,123,80
67,123,80
67,123,80
67,123,80
67,123,80
67,123,80
67,123,80
67,123,80
67,123,80
67,123,80
67,123,80
67,123,80
67,123,80
67,123,80
67,123,80
67,123,80
67,123,80
67,123,80
67,123,80
67,123,80
67,123,80
67,123,80
67,123,80
67,123,80
67,123,80
67,123,80
67,123,80
67,123,80
67,123,80
67,123,80
67,123,80
67,123,80
67,123,80
67,123,80
67,123,80
67,123,80
67,123,80
67,123,80
67,123,80
67,123,80
67,123,80
67,123,80
67,123,80
67,123,80
67,123,80
67,123,80
67,123,80
67,123,80
67,123,80
67,123,80
67,123,80
67,123,80
67,123,80
67,123,80
67,123,80
67,123,80
67,123,80
67,123,80
67,123,80
67,123,80
67,123,80
67,123,80
67,123,80
67,123,80
67,123,80
67,123,80
67,123,80
67,123,80
67,123,80
67,123,80
67,123,80
67,123,80
67,123,80
67,123,80
67,123,80
67,123,80
67,123,80
67,123,80
67,123,80
67,123,80
67,123,80
67,123,80
67,123,80
67,123,80
67,123,80
67,123,80
67,123,80
67,123,80
67,123,80
67,123,80
67,123,80
67,123,80
67,123,80
67,123,80
67,123,80
67,123,80
67,123,80
67,123,80
67,123,80
67,123,80
67,123,80
67,123,80
67,123,80
67,123,80
67,123,80
67,123,80
67,123,80
67,123,80
67,123,80
67,123,80
67,123,80
67,123,80
67,123,80
67,123,80
67,123,80
67,123,80
67,123,80
67,123,80
67,123,80
67,123,80
67,123,80
67,123,80
67,123,80
67,123,80
67,123,80
67,123,80
67,123,80
67,123,80
67,123,80
67,123,80
67,123,80
67,123,80
67,123,80
67,123,80
67,123,80
67,123,80
67,123,80
67,123,80
67,123,80
67,123,80
67,123,80
67,123,80
67,123,80
67,123,80
67,123,80
67,123,80
67,123,80
67,123,80
67,123,80
67,123,80
67,123,80
67,123,80
67,123,80
69,123,80
69,123,80
69,123,82
69,123,82
69,123,82
69,123,82
69,123,82
69,123,82
69,123,82
71,123,82
71,123,82
71,123,82
71,123,82
71,123,82
71,123,82
71,123,82
71,123,82
71,123,82
71,123,82
71,123,82
71,123,82
71,123,82
71,123,82
71,123,82
71,123,82
71,123,82
71,123,82
71,123,82
71,123,82
71,123,82
71,123,82
71,123,82
71,123,82
71,123,82
71,123,82
71,123,82
71,123,82
71,123,82
71,123,82
71,123,82
71,123,82
71,123,82
71,123,82
71,123,82
71,123,82
71,123,82
71,123,82
71,123,82
71,123,82
71,123,82
71,123,82
71,123,82
71,123,82
71,123,82
71,123,82
71,123,82
71,123,82
71,123,82
75,123,82
75,123,82
75,123,82
75,123,82
75,123,82
75,123,82
75,123,82
75,123,82
75,123,82
75,123,82
75,123,82
75,123,82
75,123,82
75,123,82
75,123,82
75,123,82
75,123,82
75,123,82
75,123,82
75,123,82
75,123,82
77,123,82
77,123,82
77,123,82
77,123,82
77,123,82
77,123,82
77,123,82
77,123,82
77,123,82
77,123,82
77,123,82
77,123,82
77,123,82
77,123,82
77,123,82
77,123,82
77,123,82
77,123,82
77,123,82
77,123,82
77,123,82
77,123,82
77,123,82
77,123,82
79,123,82
79,123,82
79,123,82
79,123,82
79,123,82
79,123,82
79,123,82
79,123,82
79,123,82
79,123,82
79,123,82
79,123,82
79,123,82
79,123,82
79,123,82
79,123,82
79,123,82
79,123,82
79,123,82
79,123,82
79,123,82
79,123,82
79,123,82
79,123,82
79,123,82
79,123,82
79,123,82
79,123,82
79,123,82
79,123,82
79,123,82
79,123,82
79,123,82
79,123,82
79,123,82
79,123,82
79,123,82
79,123,82
79,123,82
79,123,82
79,123,82
79,123,82
79,123,82
79,123,82
79,123,82
79,123,82
79,123,82
79,123,82
79,123,82
79,123,82
79,123,82
79,123,82
79,123,82
79,123,82
79,123,82
79,123,82
79,123,82
79,123,82
79,123,82
81,123,82
81,123,82
81,123,82
81,123,82
81,123,82
81,123,82
81,123,84
81,123,84
81,123,84
81,123,84
81,123,84
81,123,84
81,123,84
81,123,84
81,123,84
81,123,84
81,123,84
81,123,84
81,123,84
81,123,84
81,123,84
81,123,84
81,123,84
81,123,84
81,123,84
81,123,84
81,123,84
81,123,84
81,123,84
81,123,84
81,123,84
81,123,84
81,123,84
81,123,84
81,123,84
81,123,84
81,123,84
81,123,84
81,123,84
81,123,84
81,123,84
81,123,84
81,123,84
81,123,84
81,123,84
81,123,84
81,123,84
81,123,84
81,123,84
81,123,84
81,123,84
81,123,84
81,123,84
81,123,84
81,123,84
81,123,84
81,123,84
81,123,84
81,123,84
81,123,84
83,123,84
83,123,84
83,123,84
83,123,84
83,123,84
83,123,84
83,123,84
83,123,84
83,123,84
83,123,84
83,123,84
83,123,84
83,123,84
83,123,84
83,123,84
83,123,84
83,123,84
83,123,84
83,123,84
83,123,84
83,123,84
83,123,84
83,123,84
83,123,84
83,123,84
83,123,84
83,123,84
83,123,84
83,123,84
83,123,84
83,123,84
83,123,84
83,123,84
83,123,84
83,123,84
83,123,84
83,123,84
83,123,84
83,123,84
83,123,84
83,123,84
83,123,84
83,123,84
83,123,84
83,123,84
83,123,84
83,123,84
83,123,84
83,123,84
83,123,84
83,123,84
83,123,84
83,123,84
83,123,84
83,123,84
83,123,84
83,123,84
83,123,84
83,123,84
83,123,84
83,123,84
83,123,84
83,123,84
83,123,84
83,123,84
83,123,84
83,123,84
83,123,84
83,123,84
83,123,84
83,123,84
83,123,84
83,123,84
83,123,84
83,123,84
83,123,84
83,123,84
83,123,84
83,123,84
83,123,84
83,123,84
83,123,84
83,123,84
83,123,84
83,123,84
83,123,84
83,123,84
83,123,84
83,123,84
83,123,84
83,123,84
83,123,84
83,123,84
83,123,84
83,123,84
83,123,84
83,123,84
83,123,84
83,123,84
83,123,84
83,123,84
83,123,84
83,123,84
83,123,84
83,123,84
83,123,84
83,123,84
83,123,84
83,123,84
83,123,84
83,123,84
83,123,84
83,123,84
83,123,84
83,123,84
83,123,84
83,123,84
83,123,84
83,123,84
83,123,84
83,123,84
83,123,84
83,123,84
83,123,84
83,123,84
83,123,84
83,123,84
83,123,84
83,123,84
83,123,84
83,123,84
83,123,84
83,123,84
83,123,84
83,123,84
83,123,84
83,123,84
83,123,84
83,123,84
83,123,84
83,123,84
83,123,84
83,123,84
83,123,84
83,123,84
83,123,84
83,123,84
83,123,84
83,123,84
83,123,84
83,123,84
83,123,84
83,123,84
83,123,84
83,123,84
83,123,84
83,123,84
83,123,84
83,123,84
83,123,84
83,123,84
83,123,84
83,123,84
83,123,84
83,123,84
83,123,84
83,123,84
83,123,84
83,123,84
83,123,84
83,123,84
83,123,84
83,123,84
83,123,84
83,123,84
83,123,84
83,123,84
83,123,84
83,123,84
83,123,84
83,123,84
83,123,84
83,123,84
83,123,84
83,123,84
83,123,84
83,123,84
83,123,84
83,123,84
83,123,84
83,123,84
83,123,84
83,123,84
83,123,84
83,123,84
83,123,84
83,123,84
83,123,84
83,123,84
83,123,84
83,123,84
83,123,84
83,123,84
83,123,84
83,123,84
83,123,84
83,123,84
83,123,84
83,123,84
83,123,84
83,123,84
83,123,84
83,123,84
83,123,84
83,123,84
83,123,84
83,123,84
83,123,84
83,123,84
83,123,84
83,123,84
83,123,84
83,123,84
83,123,84
83,123,84
83,123,84
83,123,84
83,123,84
83,123,84
83,123,84
83,123,84
83,123,84
83,123,84
83,123,84
83,123,84
83,123,84
85,123,84
85,123,84
85,123,84
85,123,84
85,123,84
85,123,84
85,123,84
85,123,84
85,123,84
85,123,84
85,123,84
85,123,84
85,123,84
85,123,84
85,123,84
85,123,84
85,123,84
85,123,84
87,123,84
87,123,84
87,123,84
87,123,84
87,123,84
87,123,84
87,123,84
87,123,84
87,123,84
87,123,84
87,123,84
87,123,84
87,123,84
87,123,84
87,123,84
87,123,84
87,123,84
87,123,84
87,123,86
87,123,86
87,123,86
87,123,86
87,123,86
87,123,86
87,123,86
87,123,86
87,123,86
87,123,86
87,123,86
87,123,86
87,123,86
87,123,86
87,123,86
87,123,86
87,123,86
87,123,86
87,123,86
87,123,86
87,123,86
87,123,86
87,123,86
87,123,86
87,123,86
87,123,86
87,123,86
87,123,86
87,123,86
87,123,86
87,123,86
87,123,86
87,123,86
87,123,86
87,123,86
87,123,86
87,123,86
87,123,86
87,123,86
87,123,86
87,123,86
87,123,86
87,123,86
87,123,86
87,123,86
87,123,86
87,123,86
87,123,86
87,123,86
87,123,86
87,123,86
87,123,86
87,123,86
87,123,86
87,123,86
87,123,86
87,123,86
87,123,86
87,123,86
87,123,86
87,123,86
87,123,86
87,123,86
87,123,86
87,123,86
87,123,86
87,123,86
87,123,86
87,123,86
87,123,86
87,123,86
89,123,86
89,123,86
89,123,86
89,123,86
89,123,86
89,123,86
89,123,86
89,123,86
89,123,86
89,123,86
89,123,86
89,123,86
89,123,86
89,123,86
89,123,86
89,123,86
89,123,86
89,123,86
89,123,86
89,123,86
89,123,86
89,123,86
89,123,86
89,123,86
89,123,86
89,123,86
89,123,86
89,123,86
89,123,86
89,123,86
89,123,86
89,123,86
89,123,86
89,123,86
89,123,86
89,123,86
89,123,86
89,123,86
89,123,86
89,123,86
89,123,86
89,123,86
89,123,86
89,123,86
89,123,86
89,123,86
89,123,86
89,123,86
89,123,86
89,123,86
89,123,86
91,123,86
91,123,86
91,123,86
91,123,86
91,123,86
91,123,86
91,123,86
91,123,86
91,123,86
91,123,86
91,123,86
91,123,86
91,123,86
91,123,86
91,123,86
91,123,86
91,123,86
91,123,86
91,123,86
91,123,86
91,123,86
91,123,86
91,123,86
91,123,86
91,123,86
91,123,86
91,123,86
91,123,86
91,123,88
91,123,88
91,123,88
91,123,88
91,123,88
91,123,88
91,123,88
91,123,88
91,123,88
91,123,88
91,123,88
91,123,88
91,123,88
91,123,88
91,123,88
91,123,88
91,123,88
91,123,88
91,123,88
91,123,88
91,123,88
91,123,88
91,123,88
91,123,88
91,123,88
91,123,88
91,123,88
91,123,88
91,123,88
91,123,88
91,123,88
91,123,88
91,123,88
91,123,88
91,123,88
91,123,88
91,123,88
91,123,88
91,123,88
91,123,88
91,123,88
91,123,88
91,123,88
91,123,88
91,123,88
91,123,88
91,123,88
91,123,88
91,123,88
91,123,88
91,123,88
91,123,88
91,123,88
91,123,88
91,123,88
91,123,88
91,123,88
91,123,88
91,123,88
91,123,88
91,123,88
91,123,88
91,123,88
91,123,88
91,123,88
91,123,88
91,123,88
91,123,88
91,123,88
91,123,88
91,123,88
91,123,88
91,123,88
91,123,88
91,123,88
91,123,88
91,123,88
91,123,88
91,123,88
91,123,88
91,123,88
91,123,88
91,123,88
91,123,88
91,123,88
91,123,88
91,123,88
91,123,88
91,123,88
91,123,88
91,123,88
91,123,88
91,123,88
91,123,88
91,123,88
91,123,88
91,123,88
91,123,88
91,123,88
91,123,88
91,123,88
91,123,88
91,123,88
91,123,88
91,123,88
91,123,88
91,123,88
91,123,88
91,123,88
91,123,88
91,123,88
91,123,88
91,123,88
91,123,88
91,123,88
91,123,88
91,123,88
91,123,88
91,123,88
91,123,88
91,123,88
91,123,88
91,123,88
91,123,88
91,123,88
91,123,88
91,123,88
91,123,88
91,123,88
91,123,88
91,123,88
91,123,88
91,123,88
91,123,88
91,123,88
91,123,88
91,123,88
91,123,88
91,123,88
91,123,88
91,123,88
91,123,88
91,123,88
91,123,88
91,123,88
91,123,88
91,123,88
91,123,88
91,123,88
91,123,88
91,123,88
91,123,88
91,123,88
91,123,88
91,123,88
91,123,88
91,123,88
91,123,88
91,123,88
91,123,88
91,123,88
91,123,88
91,123,88
91,123,88
91,123,88
91,123,88
91,123,88
91,123,88
91,123,88
91,123,88
91,123,88
91,123,88
91,123,88
91,123,88
91,123,88
91,123,88
91,123,88
91,123,88
91,123,88
91,123,88
91,123,88
91,123,88
91,123,88
91,123,88
91,123,88
91,123,88
91,123,88
91,123,88
91,123,88
91,123,88
91,123,88
91,123,88
91,123,88
91,123,88
91,123,88
91,123,88
91,123,88
91,123,88
91,123,88
91,123,88
91,123,88
91,123,88
91,123,88
91,123,88
91,123,88
91,123,88
91,123,88
91,123,88
91,123,88
91,123,88
91,123,88
91,123,88
91,123,88
91,123,88
93,123,88
93,123,90
93,123,90
93,123,90
93,123,90
93,123,90
93,123,90
93,123,90
93,123,90
93,123,90
93,123,90
93,123,90
93,123,90
93,123,90
93,123,90
93,123,90
93,123,90
93,123,90
93,123,90
93,123,90
93,123,90
93,123,90
93,123,90
93,123,90
93,123,90
93,123,90
93,123,90
93,123,90
93,123,90
93,123,90
93,123,90
93,123,90
93,123,90
93,123,90
93,123,90
93,123,90
93,123,90
93,123,90
93,123,90
93,123,90
93,123,90
93,123,90
93,123,90
93,123,90
93,123,90
95,123,90
95,123,90
95,123,90
95,123,90
95,123,90
95,123,90
95,123,90
95,123,90
95,123,90
95,123,90
95,123,90
95,123,90
95,123,90
95,123,90
95,123,90
95,123,90
95,123,90
95,123,90
95,123,90
95,123,90
95,123,90
95,123,90
95,123,90
95,123,90
95,123,90
95,123,90
95,123,90
95,123,90
95,123,90
95,123,90
95,123,90
95,123,90
95,123,90
95,123,90
95,123,90
95,123,90
95,123,90
95,123,90
95,123,90
95,123,90
95,123,90
95,123,90
95,123,90
95,123,90
95,123,90
95,123,90
95,123,90
95,123,90
95,123,90
95,123,90
95,123,90
95,123,90
95,123,90
95,123,90
95,123,90
95,123,90
95,123,90
95,123,90
95,123,90
95,123,90
95,123,90
95,123,90
95,123,92
95,123,92
95,123,92
95,123,92
95,123,92
95,123,92
95,123,92
95,123,92
95,123,92
95,123,92
95,123,92
95,123,92
95,123,92
95,123,92
95,123,92
95,123,92
95,123,92
95,123,92
95,123,92
95,123,92
95,123,92
95,123,92
95,123,92
95,123,92
95,123,92
95,123,92
95,123,92
95,123,92
95,123,92
95,123,92
95,123,92
95,123,92
95,123,92
95,123,92
95,123,92
95,123,92
95,123,92
95,123,92
95,123,92
95,123,92
95,123,92
97,123,92
97,123,92
97,123,92
97,123,92
97,123,92
97,123,92
97,123,92
97,123,92
97,123,92
97,123,92
97,123,92
97,123,92
97,123,92
97,123,92
97,123,92
97,123,92
97,123,92
97,123,92
97,123,92
97,123,92
97,123,92
97,123,92
97,123,92
97,123,92
97,123,92
97,123,92
97,123,92
97,123,92
97,123,92
97,123,92
97,123,92
97,123,92
97,123,92
97,123,92
97,123,92
97,123,92
97,123,92
97,123,92
97,123,92
97,123,92
97,123,92
97,123,92
97,123,92
97,123,92
97,123,92
97,123,92
97,123,92
97,123,92
97,123,92
97,123,92
97,123,92
97,123,92
97,123,92
97,123,92
97,123,92
97,123,92
97,123,92
97,123,92
97,123,92
97,123,92
97,123,92
97,123,92
97,123,92
97,123,92
97,123,92
97,123,92
97,123,92
97,123,92
97,123,92
97,123,92
97,123,92
97,123,92
97,123,92
97,123,92
97,123,92
97,123,92
97,123,92
97,123,92
97,123,92
97,123,92
97,123,92
97,123,92
97,123,92
97,123,92
97,123,92
97,123,92
97,123,92
97,123,92
97,123,92
97,123,92
97,123,92
97,123,92
97,123,92
97,123,92
97,123,92
97,123,92
97,123,92
97,123,92
97,123,92
97,123,94
97,123,94
97,123,94
97,123,94
97,123,94
97,123,94
97,123,94
97,123,94
97,123,94
97,123,94
97,123,94
97,123,94
97,123,94
97,123,94
97,123,94
97,123,94
97,123,94
97,123,94
97,123,94
97,123,94
97,123,94
97,123,94
97,123,94
97,123,94
97,123,94
97,123,94
97,123,94
97,123,94
97,123,94
97,123,94
97,123,94
99,123,94
99,123,94
99,123,94
99,123,94
99,123,94
99,123,94
99,123,94
99,123,94
99,123,94
99,123,94
99,123,94
99,123,94
99,123,94
99,123,94
99,123,94
99,123,94
99,123,94
99,123,94
99,123,94
99,123,94
99,123,94
99,123,94
99,123,94
99,123,94
99,123,94
99,123,94
99,123,94
99,123,96
99,123,96
99,123,96
99,123,96
99,123,96
99,123,96
99,123,96
99,123,96
99,123,96
99,123,96
99,123,96
99,123,96
99,123,96
99,123,96
99,123,96
99,123,96
99,123,96
99,123,96
99,123,96
99,123,96
99,123,96
99,123,96
99,123,96
99,123,96
99,123,96
99,123,96
99,123,96
99,123,96
99,123,96
99,123,96
99,123,96
99,123,96
99,123,96
99,123,96
99,123,96
99,123,96
99,123,96
99,123,96
99,123,96
99,123,96
99,123,96
99,123,96
99,123,96
99,123,96
99,123,98
99,123,98
99,123,98
99,123,98
99,123,98
99,123,98
99,123,98
99,123,98
99,123,98
99,123,98
99,123,98
99,123,98
99,123,98
99,123,98
99,123,98
99,123,98
101,123,100
101,123,100
101,123,100
101,123,100
101,123,100
101,123,100
101,123,100
101,123,100
101,123,100
101,123,100
101,123,100
101,123,100
101,123,100
101,123,100
101,123,100
101,123,102
101,123,102
101,123,102
103,123,102
103,123,102
103,123,102
103,123,102
103,123,104
103,123,104
103,123,104
103,123,104
103,123,104
103,123,104
103,123,106
103,123,106
103,123,108
103,123,108
