file_preffix,edit_costs,relaxed_compression,ged_method,b_ni,b_na,b_ei,b_ea,graph_sample_size,cost_arborescence,k_complexity_a,k_complexity_b,gedlib_runtime_initial,spanning_arb_runtime,num_nodes,num_leafs,avg_degree,min_degree,max_degree,root_degree,avg_depth,max_depth
acyclic,traditional,true,branch_uniform,1,1,1,1,18,3508,8647,5602,0.254352,0.005722,184,65,1.537815,1,4,1,17.146739,32
acyclic,traditional,true,branch_uniform,1,1,1,1,18,3394,8647,5602,0.211579,0.003552,184,71,1.619469,1,6,1,15.777174,29
acyclic,traditional,true,branch_uniform,1,1,1,1,18,3371,8647,5602,0.236837,0.003822,184,66,1.550847,1,4,1,16.445652,27
acyclic,modified,false,branch_uniform,1,1,1,1,18,3243,8647,5602,0.184835,0.003454,184,67,1.564103,1,4,1,21.500000,36
acyclic,modified,false,branch_uniform,1,1,1,1,18,3246,8647,5602,0.235309,0.003145,184,64,1.525000,1,4,1,22.451087,42
acyclic,modified,false,branch_uniform,1,1,1,1,18,3194,8647,5602,0.236884,0.003212,184,68,1.577586,1,4,1,16.255435,30
acyclic,traditional,true,branch_uniform,1,1,1,1,36,3035,8647,5602,0.478092,0.017732,184,65,1.537815,1,4,1,13.717391,30
acyclic,traditional,true,branch_uniform,1,1,1,1,36,3057,8647,5602,0.350533,0.003349,184,64,1.525000,1,4,1,22.554348,38
acyclic,traditional,true,branch_uniform,1,1,1,1,36,3056,8647,5602,0.733437,0.003527,184,71,1.619469,1,5,1,20.119565,32
acyclic,modified,false,branch_uniform,1,1,1,1,36,2769,8647,5602,0.829731,0.003929,184,72,1.633929,1,5,1,14.320652,25
acyclic,modified,false,branch_uniform,1,1,1,1,36,2841,8647,5602,0.782844,0.003682,184,70,1.605263,1,4,1,19.135870,34
acyclic,modified,false,branch_uniform,1,1,1,1,36,2918,8647,5602,0.780224,0.003961,184,79,1.742857,1,4,1,11.739130,20
acyclic,traditional,true,branch_uniform,1,1,1,1,55,2778,8647,5602,1.200643,0.003675,184,58,1.452381,1,5,1,30.940217,47
acyclic,traditional,true,branch_uniform,1,1,1,1,55,2834,8647,5602,1.184813,0.003710,184,68,1.577586,1,4,1,12.141304,21
acyclic,traditional,true,branch_uniform,1,1,1,1,55,2770,8647,5602,1.178461,0.004548,184,65,1.537815,1,4,1,18.250000,30
acyclic,modified,false,branch_uniform,1,1,1,1,55,2665,8647,5602,0.973114,0.003786,184,75,1.678899,1,4,1,15.945652,29
acyclic,modified,false,branch_uniform,1,1,1,1,55,2599,8647,5602,0.887045,0.003219,184,65,1.537815,1,5,1,19.804348,32
acyclic,modified,false,branch_uniform,1,1,1,1,55,2634,8647,5602,0.943807,0.003900,184,62,1.500000,1,4,1,17.755435,32
acyclic,traditional,true,branch_uniform,1,1,1,1,73,2613,8647,5602,1.420843,0.022808,184,69,1.591304,1,5,1,15.516304,28
acyclic,traditional,true,branch_uniform,1,1,1,1,73,2662,8647,5602,1.271377,0.003610,184,68,1.577586,1,4,1,24.733696,44
acyclic,traditional,true,branch_uniform,1,1,1,1,73,2643,8647,5602,1.281093,0.003877,184,67,1.564103,1,5,1,16.201087,31
acyclic,modified,false,branch_uniform,1,1,1,1,73,2524,8647,5602,1.226082,0.005195,184,62,1.500000,1,4,1,17.010870,37
acyclic,modified,false,branch_uniform,1,1,1,1,73,2466,8647,5602,0.699647,0.003948,184,61,1.487805,1,4,1,24.500000,37
acyclic,modified,false,branch_uniform,1,1,1,1,73,2484,8647,5602,0.609733,0.004007,184,61,1.487805,1,4,1,32.456522,53
acyclic,traditional,true,branch_uniform,1,1,1,1,92,2543,8647,5602,0.777623,0.110645,184,62,1.500000,1,4,1,23.668478,42
acyclic,traditional,true,branch_uniform,1,1,1,1,92,2611,8647,5602,0.808612,0.002996,184,59,1.464000,1,6,1,20.385870,29
acyclic,traditional,true,branch_uniform,1,1,1,1,92,2557,8647,5602,0.842393,0.003441,184,64,1.525000,1,5,1,16.760870,28
acyclic,modified,false,branch_uniform,1,1,1,1,92,2390,8647,5602,0.946680,0.003454,184,60,1.475806,1,4,1,26.190217,40
acyclic,modified,false,branch_uniform,1,1,1,1,92,2392,8647,5602,1.576492,0.003734,184,53,1.396947,1,5,1,17.961957,39
acyclic,modified,false,branch_uniform,1,1,1,1,92,2413,8647,5602,1.555065,0.003914,184,66,1.550847,1,6,1,24.527174,40
acyclic,traditional,true,branch_uniform,1,1,1,1,110,2480,8647,5602,1.988416,0.019825,184,56,1.429688,1,5,1,27.173913,56
acyclic,traditional,true,branch_uniform,1,1,1,1,110,2470,8647,5602,1.889401,0.004307,184,56,1.429688,1,6,1,22.103261,46
acyclic,traditional,true,branch_uniform,1,1,1,1,110,2493,8647,5602,1.892662,0.002699,184,61,1.487805,1,4,1,17.163043,28
acyclic,modified,false,branch_uniform,1,1,1,1,110,2324,8647,5602,1.989286,0.003630,184,59,1.464000,1,4,1,26.271739,46
acyclic,modified,false,branch_uniform,1,1,1,1,110,2351,8647,5602,1.979045,0.002900,184,68,1.577586,1,4,1,18.021739,35
acyclic,modified,false,branch_uniform,1,1,1,1,110,2328,8647,5602,1.353675,0.003860,184,67,1.564103,1,5,1,24.951087,45
acyclic,traditional,true,branch_uniform,1,1,1,1,128,2433,8647,5602,1.714243,0.006266,184,59,1.464000,1,4,1,18.054348,35
acyclic,traditional,true,branch_uniform,1,1,1,1,128,2448,8647,5602,1.722271,0.003549,184,67,1.564103,1,5,1,19.505435,37
acyclic,traditional,true,branch_uniform,1,1,1,1,128,2456,8647,5602,1.173964,0.003892,184,59,1.464000,1,5,1,20.766304,37
acyclic,modified,false,branch_uniform,1,1,1,1,128,2273,8647,5602,1.130200,0.003276,184,65,1.537815,1,4,1,26.320652,52
acyclic,modified,false,branch_uniform,1,1,1,1,128,2274,8647,5602,2.136713,0.003547,184,62,1.500000,1,3,1,13.418478,25
acyclic,modified,false,branch_uniform,1,1,1,1,128,2301,8647,5602,2.166514,0.003293,184,59,1.464000,1,3,1,29.798913,46
acyclic,traditional,true,branch_uniform,1,1,1,1,147,2392,8647,5602,2.581679,0.019437,184,55,1.418605,1,3,1,16.902174,36
acyclic,traditional,true,branch_uniform,1,1,1,1,147,2390,8647,5602,2.468011,0.003548,184,58,1.452381,1,5,1,25.994565,54
acyclic,traditional,true,branch_uniform,1,1,1,1,147,2397,8647,5602,1.357217,0.004035,184,56,1.429688,1,6,1,15.119565,26
acyclic,modified,false,branch_uniform,1,1,1,1,147,2234,8647,5602,1.235282,0.003154,184,57,1.440945,1,4,1,28.483696,52
acyclic,modified,false,branch_uniform,1,1,1,1,147,2234,8647,5602,1.465637,0.003201,184,52,1.386364,1,5,1,27.190217,45
acyclic,modified,false,branch_uniform,1,1,1,1,147,2222,8647,5602,1.373463,0.006028,184,63,1.512397,1,4,1,16.619565,38
acyclic,traditional,true,branch_uniform,1,1,1,1,165,2360,8647,5602,1.479350,0.003437,184,57,1.440945,1,4,1,20.119565,35
acyclic,traditional,true,branch_uniform,1,1,1,1,165,2344,8647,5602,1.625776,0.003280,184,61,1.487805,1,4,1,18.353261,30
acyclic,traditional,true,branch_uniform,1,1,1,1,165,2362,8647,5602,1.566112,0.003418,184,58,1.452381,1,5,1,16.565217,30
acyclic,modified,false,branch_uniform,1,1,1,1,165,2196,8647,5602,1.315742,0.003500,184,56,1.429688,1,5,1,22.472826,36
acyclic,modified,false,branch_uniform,1,1,1,1,165,2200,8647,5602,1.333342,0.003500,184,56,1.429688,1,5,1,24.336957,41
acyclic,modified,false,branch_uniform,1,1,1,1,165,2202,8647,5602,1.458607,0.003667,184,58,1.452381,1,5,1,13.489130,30
acyclic,traditional,true,branch_uniform,1,1,1,1,182,2335,8647,5602,1.478726,0.017466,184,61,1.487805,1,5,1,17.842391,32
acyclic,traditional,true,branch_uniform,1,1,1,1,182,2335,8647,5602,3.018983,0.003742,184,61,1.487805,1,5,1,17.842391,32
acyclic,traditional,true,branch_uniform,1,1,1,1,182,2335,8647,5602,2.279295,0.003340,184,61,1.487805,1,5,1,17.842391,32
acyclic,modified,false,branch_uniform,1,1,1,1,182,2181,8647,5602,1.637293,0.003487,184,57,1.440945,1,5,1,22.298913,41
acyclic,modified,false,branch_uniform,1,1,1,1,182,2181,8647,5602,1.568511,0.003693,184,57,1.440945,1,5,1,22.298913,41
acyclic,modified,false,branch_uniform,1,1,1,1,182,2181,8647,5602,1.931415,0.003608,184,57,1.440945,1,5,1,22.298913,41
mao,traditional,true,branch_uniform,1,1,1,1,6,1760,14030,5323,0.073301,0.018451,69,22,1.446809,1,3,1,9.391304,17
mao,traditional,true,branch_uniform,1,1,1,1,6,1776,14030,5323,0.060153,0.004188,69,25,1.545455,1,4,1,10.913043,18
mao,traditional,true,branch_uniform,1,1,1,1,6,1963,14030,5323,0.064813,0.002638,69,23,1.478261,1,4,2,8.942029,17
mao,modified,false,branch_uniform,1,1,1,1,6,1491,14030,5323,0.059928,0.003697,69,23,1.478261,1,3,1,9.434783,19
mao,modified,false,branch_uniform,1,1,1,1,6,1532,14030,5323,0.067133,0.015568,69,26,1.581395,1,3,1,8.492754,15
mao,modified,false,branch_uniform,1,1,1,1,6,1559,14030,5323,0.054906,0.002497,69,24,1.511111,1,4,1,8.608696,19
mao,traditional,true,branch_uniform,1,1,1,1,13,1280,14030,5323,0.130760,0.027694,69,26,1.581395,1,4,1,11.637681,20
mao,traditional,true,branch_uniform,1,1,1,1,13,1290,14030,5323,0.113270,0.002648,69,23,1.478261,1,4,1,10.028986,17
mao,traditional,true,branch_uniform,1,1,1,1,13,1287,14030,5323,0.105046,0.002651,69,25,1.545455,1,4,1,18.159420,33
mao,modified,false,branch_uniform,1,1,1,1,13,1055,14030,5323,0.218297,0.003652,69,27,1.619048,1,4,1,7.159420,14
mao,modified,false,branch_uniform,1,1,1,1,13,1116,14030,5323,0.116641,0.004730,69,21,1.416667,1,3,1,13.014493,21
mao,modified,false,branch_uniform,1,1,1,1,13,1107,14030,5323,0.094067,0.002844,69,30,1.743590,1,4,1,7.420290,17
mao,traditional,true,branch_uniform,1,1,1,1,20,1119,14030,5323,0.130733,0.003854,69,27,1.619048,1,4,1,9.623188,17
mao,traditional,true,branch_uniform,1,1,1,1,20,1176,14030,5323,0.132592,0.003067,69,22,1.446809,1,4,1,11.376812,21
mao,traditional,true,branch_uniform,1,1,1,1,20,1121,14030,5323,0.159387,0.003258,69,25,1.545455,1,4,1,12.057971,21
mao,modified,false,branch_uniform,1,1,1,1,20,1001,14030,5323,0.128823,0.002687,69,24,1.511111,1,3,1,9.623188,18
mao,modified,false,branch_uniform,1,1,1,1,20,1007,14030,5323,0.129004,0.003738,69,27,1.619048,1,4,1,11.000000,17
mao,modified,false,branch_uniform,1,1,1,1,20,994,14030,5323,0.130767,0.002511,69,27,1.619048,1,4,1,9.507246,17
mao,traditional,true,branch_uniform,1,1,1,1,27,1042,14030,5323,0.185773,0.017961,69,25,1.545455,1,4,1,11.478261,22
mao,traditional,true,branch_uniform,1,1,1,1,27,1124,14030,5323,0.174955,0.002692,69,25,1.545455,1,3,1,13.376812,23
mao,traditional,true,branch_uniform,1,1,1,1,27,1041,14030,5323,0.170837,0.002584,69,28,1.658537,1,4,1,10.420290,20
mao,modified,false,branch_uniform,1,1,1,1,27,899,14030,5323,0.171271,0.004483,69,22,1.446809,1,3,1,10.130435,17
mao,modified,false,branch_uniform,1,1,1,1,27,913,14030,5323,0.312961,0.003125,69,25,1.545455,1,3,1,10.550725,17
mao,modified,false,branch_uniform,1,1,1,1,27,908,14030,5323,0.292762,0.002526,69,27,1.619048,1,3,1,10.463768,19
mao,traditional,true,branch_uniform,1,1,1,1,34,990,14030,5323,0.421817,0.029001,69,24,1.511111,1,3,1,9.956522,16
mao,traditional,true,branch_uniform,1,1,1,1,34,1015,14030,5323,0.393815,0.003527,69,19,1.360000,1,3,1,9.231884,18
mao,traditional,true,branch_uniform,1,1,1,1,34,991,14030,5323,0.365890,0.003224,69,26,1.581395,1,4,1,9.695652,19
mao,modified,false,branch_uniform,1,1,1,1,34,871,14030,5323,0.380719,0.002918,69,25,1.545455,1,4,1,7.710145,13
mao,modified,false,branch_uniform,1,1,1,1,34,848,14030,5323,0.325508,0.002711,69,25,1.545455,1,4,1,9.710145,16
mao,modified,false,branch_uniform,1,1,1,1,34,863,14030,5323,0.327159,0.002910,69,22,1.446809,1,3,1,11.463768,20
mao,traditional,true,branch_uniform,1,1,1,1,41,960,14030,5323,0.413582,0.021583,69,21,1.416667,1,4,1,11.695652,20
mao,traditional,true,branch_uniform,1,1,1,1,41,986,14030,5323,0.393406,0.003005,69,27,1.619048,1,4,1,6.710145,12
mao,traditional,true,branch_uniform,1,1,1,1,41,962,14030,5323,0.401156,0.002385,69,25,1.545455,1,4,1,8.536232,16
mao,modified,false,branch_uniform,1,1,1,1,41,832,14030,5323,0.437262,0.003163,69,23,1.478261,1,4,1,9.101449,16
mao,modified,false,branch_uniform,1,1,1,1,41,850,14030,5323,0.394778,0.003080,69,20,1.387755,1,3,1,12.000000,23
mao,modified,false,branch_uniform,1,1,1,1,41,815,14030,5323,0.385081,0.002807,69,20,1.387755,1,4,1,10.130435,19
mao,traditional,true,branch_uniform,1,1,1,1,48,952,14030,5323,0.472313,0.039216,69,23,1.478261,1,4,1,11.869565,22
mao,traditional,true,branch_uniform,1,1,1,1,48,935,14030,5323,0.382221,0.003002,69,20,1.387755,1,3,1,13.304348,24
mao,traditional,true,branch_uniform,1,1,1,1,48,952,14030,5323,0.299227,0.002870,69,21,1.416667,1,3,1,9.362319,16
mao,modified,false,branch_uniform,1,1,1,1,48,784,14030,5323,0.294686,0.002712,69,23,1.478261,1,3,1,9.666667,15
mao,modified,false,branch_uniform,1,1,1,1,48,799,14030,5323,0.291839,0.003006,69,23,1.478261,1,4,1,7.260870,14
mao,modified,false,branch_uniform,1,1,1,1,48,808,14030,5323,0.291038,0.002590,69,26,1.581395,1,3,1,9.869565,18
mao,traditional,true,branch_uniform,1,1,1,1,55,940,14030,5323,0.341450,0.029279,69,22,1.446809,1,3,1,10.188406,16
mao,traditional,true,branch_uniform,1,1,1,1,55,942,14030,5323,0.338454,0.002763,69,23,1.478261,1,3,1,12.985507,20
mao,traditional,true,branch_uniform,1,1,1,1,55,944,14030,5323,0.333581,0.002761,69,19,1.360000,1,4,1,11.318841,20
mao,modified,false,branch_uniform,1,1,1,1,55,791,14030,5323,0.336069,0.002769,69,24,1.511111,1,4,1,9.623188,15
mao,modified,false,branch_uniform,1,1,1,1,55,781,14030,5323,0.336432,0.002921,69,24,1.511111,1,3,1,9.797101,18
mao,modified,false,branch_uniform,1,1,1,1,55,798,14030,5323,0.329506,0.002904,69,28,1.658537,1,4,1,9.724638,17
mao,traditional,true,branch_uniform,1,1,1,1,62,922,14030,5323,0.380095,0.013863,69,23,1.478261,1,3,1,11.188406,16
mao,traditional,true,branch_uniform,1,1,1,1,62,924,14030,5323,0.376367,0.005670,69,20,1.387755,1,3,1,13.739130,25
mao,traditional,true,branch_uniform,1,1,1,1,62,932,14030,5323,0.375395,0.003079,69,22,1.446809,1,3,1,12.811594,24
mao,modified,false,branch_uniform,1,1,1,1,62,760,14030,5323,0.368282,0.003087,69,26,1.581395,1,4,1,8.594203,14
mao,modified,false,branch_uniform,1,1,1,1,62,761,14030,5323,0.369379,0.002752,69,24,1.511111,1,4,1,10.101449,17
mao,modified,false,branch_uniform,1,1,1,1,62,762,14030,5323,0.457246,0.002462,69,25,1.545455,1,3,1,9.710145,16
mao,traditional,true,branch_uniform,1,1,1,1,67,921,14030,5323,0.617247,0.019331,69,20,1.387755,1,3,1,11.724638,21
mao,traditional,true,branch_uniform,1,1,1,1,67,921,14030,5323,0.515516,0.003133,69,20,1.387755,1,3,1,11.724638,21
mao,traditional,true,branch_uniform,1,1,1,1,67,921,14030,5323,0.909396,0.002616,69,20,1.387755,1,3,1,11.724638,21
mao,modified,false,branch_uniform,1,1,1,1,67,756,14030,5323,1.095533,0.002509,69,27,1.619048,1,4,1,9.478261,15
mao,modified,false,branch_uniform,1,1,1,1,67,756,14030,5323,0.669286,0.002706,69,27,1.619048,1,4,1,9.478261,15
mao,modified,false,branch_uniform,1,1,1,1,67,756,14030,5323,0.591495,0.002592,69,27,1.619048,1,4,1,9.478261,15
pah,traditional,true,branch_uniform,1,1,1,1,9,6014,23880,8928,0.184877,0.020107,95,36,1.593220,1,5,1,10.021053,18
pah,traditional,true,branch_uniform,1,1,1,1,9,6052,23880,8928,0.144342,0.002512,95,36,1.593220,1,4,1,12.505263,19
pah,traditional,true,branch_uniform,1,1,1,1,9,6216,23880,8928,0.141713,0.003853,95,36,1.593220,1,4,1,11.210526,21
pah,modified,false,branch_uniform,1,1,1,1,9,5558,23880,8928,0.137624,0.002546,95,38,1.649123,1,5,1,11.884211,24
pah,modified,false,branch_uniform,1,1,1,1,9,5351,23880,8928,0.138853,0.002795,95,39,1.678571,1,6,1,9.484211,17
pah,modified,false,branch_uniform,1,1,1,1,9,5355,23880,8928,0.148092,0.003095,95,35,1.566667,1,5,1,11.463158,22
pah,traditional,true,branch_uniform,1,1,1,1,19,5597,23880,8928,0.292095,0.004022,95,37,1.620690,1,6,1,15.284211,29
pah,traditional,true,branch_uniform,1,1,1,1,19,5625,23880,8928,0.267001,0.002655,95,40,1.709091,1,4,1,12.084211,19
pah,traditional,true,branch_uniform,1,1,1,1,19,5684,23880,8928,0.263742,0.002379,95,38,1.649123,1,4,1,16.389474,32
pah,modified,false,branch_uniform,1,1,1,1,19,4876,23880,8928,0.272822,0.002818,95,42,1.773585,1,8,1,10.021053,17
pah,modified,false,branch_uniform,1,1,1,1,19,4577,23880,8928,0.272754,0.003851,95,36,1.593220,1,4,1,10.200000,19
pah,modified,false,branch_uniform,1,1,1,1,19,4846,23880,8928,0.270926,0.002615,95,38,1.649123,1,5,1,8.915789,16
pah,traditional,true,branch_uniform,1,1,1,1,28,5317,23880,8928,0.397460,0.038656,95,32,1.492063,1,4,1,11.263158,20
pah,traditional,true,branch_uniform,1,1,1,1,28,5469,23880,8928,0.369714,0.002556,95,35,1.566667,1,4,1,14.178947,22
pah,traditional,true,branch_uniform,1,1,1,1,28,5357,23880,8928,0.390882,0.002594,95,39,1.678571,1,4,1,11.905263,24
pah,modified,false,branch_uniform,1,1,1,1,28,4279,23880,8928,0.369494,0.003567,95,42,1.773585,1,5,1,8.631579,17
pah,modified,false,branch_uniform,1,1,1,1,28,4382,23880,8928,0.371277,0.002646,95,45,1.880000,1,6,1,8.663158,17
pah,modified,false,branch_uniform,1,1,1,1,28,4195,23880,8928,0.371072,0.002351,95,41,1.740741,1,4,1,11.063158,24
pah,traditional,true,branch_uniform,1,1,1,1,38,5226,23880,8928,0.515331,0.020588,95,39,1.678571,1,4,1,11.789474,24
pah,traditional,true,branch_uniform,1,1,1,1,38,5209,23880,8928,0.501267,0.003126,95,40,1.709091,1,5,1,13.926316,25
pah,traditional,true,branch_uniform,1,1,1,1,38,5088,23880,8928,0.496108,0.002250,95,37,1.620690,1,4,1,12.168421,21
pah,modified,false,branch_uniform,1,1,1,1,38,3902,23880,8928,0.494912,0.002669,95,45,1.880000,1,5,1,6.126316,12
pah,modified,false,branch_uniform,1,1,1,1,38,4072,23880,8928,0.517046,0.002431,95,45,1.880000,1,5,1,7.252632,14
pah,modified,false,branch_uniform,1,1,1,1,38,4073,23880,8928,0.541061,0.023986,95,38,1.649123,1,3,1,11.505263,22
pah,traditional,true,branch_uniform,1,1,1,1,47,4912,23880,8928,0.643229,0.020363,95,31,1.468750,1,4,1,19.294737,31
pah,traditional,true,branch_uniform,1,1,1,1,47,4994,23880,8928,0.604272,0.002495,95,33,1.516129,1,3,1,13.094737,26
pah,traditional,true,branch_uniform,1,1,1,1,47,4914,23880,8928,0.635412,0.002299,95,31,1.468750,1,3,1,10.505263,19
pah,modified,false,branch_uniform,1,1,1,1,47,3787,23880,8928,0.629925,0.002922,95,41,1.740741,1,6,1,6.810526,17
pah,modified,false,branch_uniform,1,1,1,1,47,3592,23880,8928,0.598024,0.002473,95,46,1.918367,1,5,1,9.336842,17
pah,modified,false,branch_uniform,1,1,1,1,47,3746,23880,8928,0.609099,0.030045,95,45,1.880000,1,6,1,8.652632,18
pah,traditional,true,branch_uniform,1,1,1,1,57,4890,23880,8928,0.761185,0.017377,95,37,1.620690,1,4,1,11.221053,21
pah,traditional,true,branch_uniform,1,1,1,1,57,4878,23880,8928,0.731899,0.003603,95,32,1.492063,1,4,1,18.905263,37
pah,traditional,true,branch_uniform,1,1,1,1,57,4854,23880,8928,0.765468,0.003157,95,30,1.446154,1,4,1,11.231579,21
pah,modified,false,branch_uniform,1,1,1,1,57,3629,23880,8928,0.772484,0.002705,95,39,1.678571,1,4,1,11.800000,20
pah,modified,false,branch_uniform,1,1,1,1,57,3758,23880,8928,0.782237,0.003135,95,47,1.958333,1,6,1,7.684211,17
pah,modified,false,branch_uniform,1,1,1,1,57,3682,23880,8928,0.538852,0.002573,95,48,2.000000,1,5,1,9.305263,17
pah,traditional,true,branch_uniform,1,1,1,1,66,4841,23880,8928,1.025929,0.014338,95,31,1.468750,1,3,1,14.926316,25
pah,traditional,true,branch_uniform,1,1,1,1,66,4758,23880,8928,0.982893,0.003003,95,37,1.620690,1,4,1,10.368421,19
pah,traditional,true,branch_uniform,1,1,1,1,66,4750,23880,8928,0.979300,0.003215,95,35,1.566667,1,4,1,10.031579,18
pah,modified,false,branch_uniform,1,1,1,1,66,3407,23880,8928,0.972283,0.003357,95,44,1.843137,1,6,1,7.663158,14
pah,modified,false,branch_uniform,1,1,1,1,66,3373,23880,8928,0.975968,0.003304,95,40,1.709091,1,5,1,7.305263,15
pah,modified,false,branch_uniform,1,1,1,1,66,3412,23880,8928,1.025087,0.003342,95,43,1.807692,1,5,1,6.631579,14
pah,traditional,true,branch_uniform,1,1,1,1,76,4711,23880,8928,1.156896,0.021236,95,32,1.492063,1,3,1,16.368421,28
pah,traditional,true,branch_uniform,1,1,1,1,76,4720,23880,8928,1.123323,0.002957,95,33,1.516129,1,3,1,12.578947,29
pah,traditional,true,branch_uniform,1,1,1,1,76,4728,23880,8928,1.118457,0.003166,95,30,1.446154,1,3,1,14.568421,25
pah,modified,false,branch_uniform,1,1,1,1,76,3334,23880,8928,1.109618,0.004283,95,42,1.773585,1,6,1,7.326316,14
pah,modified,false,branch_uniform,1,1,1,1,76,3327,23880,8928,1.105818,0.003229,95,42,1.773585,1,6,1,9.410526,17
pah,modified,false,branch_uniform,1,1,1,1,76,3431,23880,8928,1.102737,0.003078,95,45,1.880000,1,6,1,8.031579,15
pah,traditional,true,branch_uniform,1,1,1,1,85,4634,23880,8928,0.769523,0.015496,95,30,1.446154,1,4,1,13.778947,26
pah,traditional,true,branch_uniform,1,1,1,1,85,4662,23880,8928,0.768503,0.003174,95,30,1.446154,1,3,1,11.126316,18
pah,traditional,true,branch_uniform,1,1,1,1,85,4657,23880,8928,0.782189,0.003474,95,34,1.540984,1,3,1,10.957895,21
pah,modified,false,branch_uniform,1,1,1,1,85,3253,23880,8928,0.763143,0.003616,95,46,1.918367,1,5,1,7.821053,15
pah,modified,false,branch_uniform,1,1,1,1,85,3247,23880,8928,1.233439,0.002897,95,43,1.807692,1,5,1,7.452632,16
pah,modified,false,branch_uniform,1,1,1,1,85,3232,23880,8928,1.254134,0.003216,95,45,1.880000,1,5,1,6.694737,13
pah,traditional,true,branch_uniform,1,1,1,1,93,4617,23880,8928,1.378478,0.022499,95,30,1.446154,1,4,1,17.126316,36
pah,traditional,true,branch_uniform,1,1,1,1,93,4617,23880,8928,1.364156,0.002868,95,30,1.446154,1,4,1,17.126316,36
pah,traditional,true,branch_uniform,1,1,1,1,93,4617,23880,8928,1.365933,0.003308,95,30,1.446154,1,4,1,17.126316,36
pah,modified,false,branch_uniform,1,1,1,1,93,3156,23880,8928,1.337242,0.002770,95,43,1.807692,1,5,1,8.663158,19
pah,modified,false,branch_uniform,1,1,1,1,93,3156,23880,8928,1.345742,0.003095,95,43,1.807692,1,5,1,8.663158,19
pah,modified,false,branch_uniform,1,1,1,1,93,3156,23880,8928,1.347367,0.003357,95,43,1.807692,1,5,1,8.663158,19
file_preffix,edit_costs,relaxed_compression,ged_method,b_ni,b_na,b_ei,b_ea,graph_sample_size,cost_arborescence,k_complexity_a,k_complexity_b,gedlib_runtime_initial,spanning_arb_runtime,num_nodes,num_leafs,avg_degree,min_degree,max_degree,root_degree,avg_depth,max_depth
Protein,traditional,true,branch_uniform,1,4,1,6,60,358834,682307,377176,131.002239,0.013074,601,293,1.948052,1,83,83,10.998336,29
Protein,traditional,true,branch_uniform,1,4,1,6,60,359011,682307,377176,128.989355,0.007323,601,295,1.960784,1,75,75,23.299501,59
Protein,modified,false,branch_uniform,1,4,1,6,60,363346,682307,377176,139.766021,0.008995,601,379,2.702703,1,271,271,2.647255,13
Protein,modified,false,branch_uniform,1,4,1,6,60,361861,682307,377176,133.894736,0.006282,601,381,2.727273,1,270,270,2.612313,12
Protein,traditional,true,branch_uniform,1,4,1,6,120,344912,682307,377176,224.906996,0.029826,601,283,1.886792,1,31,31,27.965058,62
Protein,traditional,true,branch_uniform,1,4,1,6,120,346335,682307,377176,224.510141,0.009096,601,278,1.857585,1,30,30,30.792013,55
Protein,modified,false,branch_uniform,1,4,1,6,120,353522,682307,377176,223.514729,0.008920,601,351,2.400000,1,196,196,4.136439,19
Protein,modified,false,branch_uniform,1,4,1,6,120,351721,682307,377176,221.025892,0.008913,601,361,2.500000,1,183,183,4.236273,17
Protein,traditional,true,branch_uniform,1,4,1,6,180,335405,682307,377176,310.332107,0.022874,601,284,1.892744,1,23,23,27.718802,47
Protein,traditional,true,branch_uniform,1,4,1,6,180,332672,682307,377176,313.998743,0.011334,601,264,1.780415,1,24,24,38.262895,71
Protein,modified,false,branch_uniform,1,4,1,6,180,339952,682307,377176,316.929032,0.009773,601,338,2.281369,1,163,163,5.500832,20
Protein,modified,false,branch_uniform,1,4,1,6,180,342205,682307,377176,319.044413,0.010564,601,320,2.135231,1,143,143,5.430948,24
Protein,traditional,true,branch_uniform,1,4,1,6,240,332934,682307,377176,420.214298,0.021654,601,265,1.785714,1,19,19,20.254576,40
Protein,traditional,true,branch_uniform,1,4,1,6,240,330916,682307,377176,408.115442,0.007943,601,271,1.818182,1,21,21,25.986689,52
Protein,modified,false,branch_uniform,1,4,1,6,240,337553,682307,377176,409.565557,0.008838,601,322,2.150538,1,131,131,4.747088,15
Protein,modified,false,branch_uniform,1,4,1,6,240,337240,682307,377176,404.921621,0.010139,601,318,2.120141,1,125,125,6.009983,22
Protein,traditional,true,branch_uniform,1,4,1,6,300,326043,682307,377176,495.929999,0.010639,601,258,1.749271,1,19,19,35.757072,66
Protein,traditional,true,branch_uniform,1,4,1,6,300,326105,682307,377176,488.426395,0.010168,601,258,1.749271,1,14,14,23.620632,45
Protein,modified,false,branch_uniform,1,4,1,6,300,332645,682307,377176,492.912460,0.009940,601,310,2.061856,1,117,117,7.281198,27
Protein,modified,false,branch_uniform,1,4,1,6,300,330227,682307,377176,493.453369,0.008393,601,297,1.973684,1,107,107,11.227953,40
Protein,traditional,true,branch_uniform,1,4,1,6,360,324688,682307,377176,603.138946,0.013631,601,256,1.739130,1,14,14,21.059900,50
Protein,traditional,true,branch_uniform,1,4,1,6,360,323478,682307,377176,593.464296,0.009942,601,267,1.796407,1,14,14,19.437604,48
Protein,modified,false,branch_uniform,1,4,1,6,360,326481,682307,377176,583.660164,0.009399,601,303,2.013423,1,104,104,6.239601,26
Protein,modified,false,branch_uniform,1,4,1,6,360,327609,682307,377176,586.732295,0.007756,601,308,2.047782,1,99,99,7.632280,26
Protein,traditional,true,branch_uniform,1,4,1,6,420,320513,682307,377176,674.819234,0.012926,601,266,1.791045,1,12,12,24.700499,42
Protein,traditional,true,branch_uniform,1,4,1,6,420,320849,682307,377176,680.905543,0.014798,601,264,1.780415,1,13,13,31.274542,53
Protein,modified,false,branch_uniform,1,4,1,6,420,324004,682307,377176,671.928567,0.009225,601,298,1.980198,1,91,91,7.336106,24
Protein,modified,false,branch_uniform,1,4,1,6,420,324800,682307,377176,679.446888,0.008918,601,295,1.960784,1,92,92,7.793677,22
Protein,traditional,true,branch_uniform,1,4,1,6,480,319169,682307,377176,769.097076,0.011435,601,245,1.685393,1,14,14,31.259567,52
Protein,traditional,true,branch_uniform,1,4,1,6,480,318852,682307,377176,769.780914,0.009370,601,250,1.709402,1,12,12,21.174709,45
file_preffix,edit_costs,relaxed_compression,ged_method,b_ni,b_na,b_ei,b_ea,graph_sample_size,cost_arborescence,k_complexity_a,k_complexity_b,gedlib_runtime_initial,spanning_arb_runtime,num_nodes,num_leafs,avg_degree,min_degree,max_degree,root_degree,avg_depth,max_depth
Protein,traditional,true,branch_uniform,1,4,1,6,60,359497,682307,377176,126.302968,0.019577,601,311,2.068966,1,75,75,24.118136,58
Protein,traditional,true,branch_uniform,1,4,1,6,60,357946,682307,377176,135.796211,0.007502,601,298,1.980198,1,66,66,21.321131,44
Protein,traditional,true,branch_uniform,1,4,1,6,60,358768,682307,377176,131.396285,0.008469,601,290,1.929260,1,67,67,18.069884,48
Protein,traditional,true,branch_uniform,1,4,1,6,60,359619,682307,377176,141.997419,0.005665,601,306,2.033898,1,74,74,12.124792,32
Protein,modified,false,branch_uniform,1,4,1,6,60,361882,682307,377176,146.420066,0.005845,601,390,2.843602,1,278,278,3.088186,15
Protein,modified,false,branch_uniform,1,4,1,6,60,362768,682307,377176,143.000962,0.007190,601,395,2.912621,1,271,271,2.650582,14
Protein,modified,false,branch_uniform,1,4,1,6,60,365032,682307,377176,130.950559,0.009021,601,382,2.739726,1,278,278,2.820300,16
Protein,modified,false,branch_uniform,1,4,1,6,60,363700,682307,377176,137.561514,0.007519,601,380,2.714932,1,273,273,2.866889,21
Protein,traditional,true,branch_uniform,1,4,1,6,120,347933,682307,377176,218.563832,0.023707,601,294,1.954397,1,33,33,18.665557,40
Protein,traditional,true,branch_uniform,1,4,1,6,120,350676,682307,377176,224.101026,0.008868,601,279,1.863354,1,34,34,28.713810,58
Protein,traditional,true,branch_uniform,1,4,1,6,120,346231,682307,377176,221.261485,0.008894,601,283,1.886792,1,31,31,30.760399,61
Protein,traditional,true,branch_uniform,1,4,1,6,120,345722,682307,377176,225.588426,0.006346,601,288,1.916933,1,42,42,23.903494,51
Protein,modified,false,branch_uniform,1,4,1,6,120,348102,682307,377176,225.721120,0.007507,601,341,2.307692,1,179,179,3.785358,20
Protein,modified,false,branch_uniform,1,4,1,6,120,351107,682307,377176,225.179339,0.005380,601,349,2.380952,1,196,196,5.043261,24
Protein,modified,false,branch_uniform,1,4,1,6,120,351621,682307,377176,224.908371,0.007107,601,357,2.459016,1,180,180,4.770383,27
Protein,modified,false,branch_uniform,1,4,1,6,120,352726,682307,377176,224.281088,0.007067,601,352,2.409639,1,197,197,3.407654,13
Protein,traditional,true,branch_uniform,1,4,1,6,180,338168,682307,377176,311.386729,0.023489,601,270,1.812689,1,22,22,24.154742,54
Protein,traditional,true,branch_uniform,1,4,1,6,180,334514,682307,377176,320.795145,0.008348,601,279,1.863354,1,25,25,38.618968,68
Protein,traditional,true,branch_uniform,1,4,1,6,180,337723,682307,377176,307.971944,0.009262,601,263,1.775148,1,28,28,24.816972,51
Protein,traditional,true,branch_uniform,1,4,1,6,180,339688,682307,377176,317.499804,0.006726,601,264,1.780415,1,23,23,26.900166,54
Protein,modified,false,branch_uniform,1,4,1,6,180,342763,682307,377176,312.088070,0.007637,601,328,2.197802,1,151,151,6.437604,25
Protein,modified,false,branch_uniform,1,4,1,6,180,341253,682307,377176,314.675593,0.008172,601,329,2.205882,1,153,153,4.131448,17
Protein,modified,false,branch_uniform,1,4,1,6,180,342584,682307,377176,314.113137,0.007331,601,327,2.189781,1,154,154,4.369384,16
Protein,modified,false,branch_uniform,1,4,1,6,180,341924,682307,377176,309.772087,0.006672,601,328,2.197802,1,165,165,4.063228,15
Protein,traditional,true,branch_uniform,1,4,1,6,240,331024,682307,377176,401.329475,0.022797,601,255,1.734104,1,16,16,30.196339,54
Protein,traditional,true,branch_uniform,1,4,1,6,240,332515,682307,377176,409.095166,0.008760,601,274,1.834862,1,22,22,36.304493,71
Protein,traditional,true,branch_uniform,1,4,1,6,240,333444,682307,377176,411.134353,0.008523,601,272,1.823708,1,21,21,26.580699,49
Protein,traditional,true,branch_uniform,1,4,1,6,240,333549,682307,377176,403.933417,0.010756,601,275,1.840491,1,20,20,27.532446,53
Protein,modified,false,branch_uniform,1,4,1,6,240,335211,682307,377176,405.178881,0.011828,601,294,1.954397,1,123,123,8.688852,33
Protein,modified,false,branch_uniform,1,4,1,6,240,336937,682307,377176,411.497456,0.017087,601,301,2.000000,1,127,127,6.199667,24
Protein,modified,false,branch_uniform,1,4,1,6,240,337054,682307,377176,398.019560,0.007028,601,318,2.120141,1,130,130,6.579035,28
Protein,modified,false,branch_uniform,1,4,1,6,240,336021,682307,377176,402.171380,0.008418,601,325,2.173913,1,133,133,8.249584,33
Protein,traditional,true,branch_uniform,1,4,1,6,300,327092,682307,377176,486.615211,0.018524,601,257,1.744186,1,15,15,35.094842,69
Protein,traditional,true,branch_uniform,1,4,1,6,300,326850,682307,377176,496.914967,0.008081,601,264,1.780415,1,15,15,22.459235,37
Protein,traditional,true,branch_uniform,1,4,1,6,300,323952,682307,377176,492.122702,0.007742,601,260,1.759531,1,14,14,23.693844,56
Protein,traditional,true,branch_uniform,1,4,1,6,300,327144,682307,377176,489.653927,0.009653,601,263,1.775148,1,13,13,32.304493,61
Protein,modified,false,branch_uniform,1,4,1,6,300,333086,682307,377176,504.263496,0.010640,601,310,2.061856,1,114,114,5.539101,17
Protein,modified,false,branch_uniform,1,4,1,6,300,330443,682307,377176,501.671149,0.008754,601,308,2.047782,1,114,114,7.635607,28
Protein,modified,false,branch_uniform,1,4,1,6,300,331742,682307,377176,485.012006,0.008076,601,305,2.027027,1,107,107,5.116473,18
Protein,modified,false,branch_uniform,1,4,1,6,300,332715,682307,377176,497.119684,0.012228,601,315,2.097902,1,109,109,5.936772,21
Protein,traditional,true,branch_uniform,1,4,1,6,360,322785,682307,377176,582.900922,0.021237,601,251,1.714286,1,13,13,33.089850,52
Protein,traditional,true,branch_uniform,1,4,1,6,360,325382,682307,377176,590.080975,0.008799,601,255,1.734104,1,15,15,29.512479,51
Protein,traditional,true,branch_uniform,1,4,1,6,360,323340,682307,377176,592.994863,0.010240,601,247,1.694915,1,14,14,39.658902,62
Protein,traditional,true,branch_uniform,1,4,1,6,360,323864,682307,377176,588.468703,0.011990,601,259,1.754386,1,14,14,26.572379,49
Protein,modified,false,branch_uniform,1,4,1,6,360,328022,682307,377176,604.669322,0.029722,601,306,2.033898,1,102,102,8.306156,29
Protein,modified,false,branch_uniform,1,4,1,6,360,326772,682307,377176,583.075492,0.009636,601,306,2.033898,1,102,102,6.337770,20
Protein,modified,false,branch_uniform,1,4,1,6,360,326228,682307,377176,588.467014,0.009019,601,301,2.000000,1,104,104,7.825291,26
Protein,modified,false,branch_uniform,1,4,1,6,360,328456,682307,377176,582.345900,0.009112,601,307,2.040816,1,98,98,6.492512,27
Protein,traditional,true,branch_uniform,1,4,1,6,420,321926,682307,377176,668.605316,0.022545,601,255,1.734104,1,16,16,26.778702,47
Protein,traditional,true,branch_uniform,1,4,1,6,420,322131,682307,377176,680.322046,0.010925,601,253,1.724138,1,14,14,25.527454,49
Protein,traditional,true,branch_uniform,1,4,1,6,420,320012,682307,377176,675.431147,0.014207,601,248,1.699717,1,12,12,35.856905,72
Protein,traditional,true,branch_uniform,1,4,1,6,420,320610,682307,377176,672.144486,0.008531,601,258,1.749271,1,14,14,28.301165,52
Protein,modified,false,branch_uniform,1,4,1,6,420,325049,682307,377176,672.967522,0.011896,601,295,1.960784,1,94,94,6.910150,20
Protein,modified,false,branch_uniform,1,4,1,6,420,325052,682307,377176,674.543471,0.009828,601,291,1.935484,1,91,91,10.342762,39
Protein,modified,false,branch_uniform,1,4,1,6,420,324366,682307,377176,668.281667,0.009150,601,295,1.960784,1,91,91,9.484193,35
Protein,modified,false,branch_uniform,1,4,1,6,420,324958,682307,377176,707.237164,0.010316,601,300,1.993355,1,83,83,5.845258,19
Protein,traditional,true,branch_uniform,1,4,1,6,480,318542,682307,377176,771.512524,0.028590,601,257,1.744186,1,10,10,26.480865,46
Protein,traditional,true,branch_uniform,1,4,1,6,480,319147,682307,377176,761.771646,0.011096,601,248,1.699717,1,11,11,28.540765,63
Protein,traditional,true,branch_uniform,1,4,1,6,480,319904,682307,377176,751.310538,0.011500,601,250,1.709402,1,11,11,20.470882,42
Protein,traditional,true,branch_uniform,1,4,1,6,480,319522,682307,377176,768.322401,0.010276,601,250,1.709402,1,12,12,31.214642,49
Protein,modified,false,branch_uniform,1,4,1,6,480,322460,682307,377176,766.894488,0.010669,601,300,1.993355,1,83,83,6.512479,21
Protein,modified,false,branch_uniform,1,4,1,6,480,323215,682307,377176,770.010845,0.009047,601,280,1.869159,1,88,88,8.860233,30
Protein,modified,false,branch_uniform,1,4,1,6,480,322893,682307,377176,763.868575,0.013342,601,296,1.967213,1,87,87,5.584027,19
Protein,modified,false,branch_uniform,1,4,1,6,480,323332,682307,377176,758.758464,0.012784,601,296,1.967213,1,85,85,11.599002,35
Protein,traditional,true,branch_uniform,1,4,1,6,540,318298,682307,377176,867.652337,0.013059,601,267,1.796407,1,12,12,20.019967,41
Protein,traditional,true,branch_uniform,1,4,1,6,540,317780,682307,377176,860.425268,0.009337,601,262,1.769912,1,11,11,20.114809,35
Protein,traditional,true,branch_uniform,1,4,1,6,540,317763,682307,377176,856.347989,0.010860,601,261,1.764706,1,12,12,24.608985,41
Protein,traditional,true,branch_uniform,1,4,1,6,540,317571,682307,377176,868.113145,0.009194,601,255,1.734104,1,14,14,31.544093,56
